symbol,short_name
RELIANCE,RELIANCE INDS
TCS,TATA CONSULTANCY S
HDFCBANK,HDFC BANK
ICICIBANK,ICICI BANK
INFY,INFOSYS LTD
HINDUNILVR,HINDUSTAN UNILEVER
BHARTIARTL,BHARTI AIRTEL LTD
ITC,ITC LTD
SBIN,STATE BK OF INDIA
LICI,Life Insura Corp of India
LT,LARSEN & TOUBRO
BAJFINANCE,BAJAJ FINANCE LTD
HCLTECH,HCL TECHNOLOGIES
KOTAKBANK,KOTAK MAHINDRA BAN
AXISBANK,AXIS BANK
ASIANPAINT,ASIAN PAINTS LTD
TITAN,TITAN COMPANY LTD
ADANIENT,ADANI ENTERPRISES
MARUTI,MARUTI SUZUKI IND
ULTRACEMCO,ULTRATECH CEMENT
SUNPHARMA,SUN PHARMACEUTICAL
NTPC,NTPC LTD
BAJAJFINSV,BAJAJ FINSERV LTD
DMART,AVENUE SUPERMARTS
TATAMOTORS,TATA MOTORS LTD.
ONGC,OIL & NATURAL GAS
NESTLEIND,NESTLE INDIA
ADANIGREEN,ADANI GREEN ENERGY
WIPRO,WIPRO LTD
COALINDIA,COAL INDIA LTD
ADANIPORTS,ADANI PORT SPECIAL
POWERGRID,POWER GRID CORP
JSWSTEEL,JSW STEEL LTD
M&M,MAHINDRA &MAHINDRA
ADANIPOWER,ADANI POWER LTD
BAJAJ-AUTO,BAJAJ AUTO LTD
HAL,HINDUSTAN AERONAUT
LTIM,LTIMINDTREE LIMITED
IOC,INDIAN OIL CORP
DLF,DLF LIMITED
TATASTEEL,TATA STEEL LTD
VBL,VARUN BEVERAGES
JIOFIN,Jio Fin Services Ltd
SBILIFE,SBI LIFE INSURANCE
SIEMENS,SIEMENS INDIA LTD
GRASIM,GRASIM INDUSTRIES
HDFCLIFE,HDFC LIFE INSURANC
HINDALCO,HINDALCO INDS
PIDILITIND,PIDILITE INDUSTRIE
BEL,BHARAT ELECTRONICS
HINDZINC,HINDUSTAN ZINC
IRFC,Indian Railway Fin Corp L
BRITANNIA,BRITANNIA INDS
PFC,POWER FINANCE CORP
INDUSINDBK,INDUSIND BANK LTD
TECHM,TECH MAHINDRA
BANKBARODA,BK OF BARODA
ADANIENSOL,ADANI ENERGY SOLUTION LTD
GODREJCP,GODREJ CONSUMER PR
INDIGO,INTERGLOBE AVIATIO
EICHERMOT,EICHER MOTORS
RECLTD,REC LTD
ATGL,ADANI TOTAL GAS LIMITED
TRENT,TRENT LTD
ZOMATO,Zomato Limited
GAIL,GAIL INDIA LTD
TATAPOWER,TATA POWER CO LTD
CHOLAFIN,CHOLAMANDALAM INV
PNB,PUNJAB NATL BANK
DIVISLAB,DIVI'S LABORATORIE
AMBUJACEM,AMBUJA CEMENTS LTD
SHREECEM,SHREE CEMENT LTD
TATACONSUM,TATA CONSUMER PRODUCT LTD
CIPLA,CIPLA LTD
ABB,ABB INDIA LTD
DABUR,DABUR INDIA LTD
LODHA,Macrotech Developers Ltd
BPCL,BHARAT PETROL CORP
DRREDDY,DR REDDYS LABS
TVSMOTOR,TVS MOTOR CO
VEDL,VEDANTA LIMITED
UNIONBANK,UNION BK OF INDIA
HAVELLS,HAVELLS INDIA
BAJAJHLDNG,BAJAJ HLDG & INVES
HEROMOTOCO,HERO MOTOCORP LTD
POLYCAB,POLYCAB INDIA LTD
APOLLOHOSP,APOLLO HOSPITALS.
IOB,INDIAN OVERSEAS BK
MCDOWELL-N,UNITED SPIRITS
MANKIND,Mankind Pharma Limited
CANBK,CANARA BANK
TORNTPHARM,TORRENT PHARM
IDEA,VODAFONE IDEA LTD
SHRIRAMFIN,SHRIRAM FINANCE LIMITED
ICICIPRULI,ICICI PRUDENTIAL L
JINDALSTEL,JINDAL STEEL & PWR
SRF,SRF LIMITED
IDBI,IDBI BANK LTD
SBICARD,SBI CARDS & PAYMEN
IRCTC,Indian Rail Tour Corp Ltd
MARICO,MARICO LTD
BERGEPAINT,BERGER PAINTS IND
ICICIGI,ICICI LOMBARD GEN
ZYDUSLIFE,ZYDUS LIFESCIENCES
CGPOWER,CG POWER AND INDUS
MOTHERSON,SAMVRDHNA MTHRSN INTL LTD
COLPAL,COLGATE-PALM (IND)
TIINDIA,TUBE INVESTMENTS O
HDFCAMC,HDFC ASSET MANAGEM
BHEL,BHARAT HEAVY ELECT
JSWENERGY,JSW ENERGY LTD
MAXHEALTH,Max Healthcare Ins Ltd
NAUKRI,INFO EDGE
BOSCHLTD,BOSCH LTD
NHPC,NHPC LTD
AUROPHARMA,AUROBINDO PHARMA
IDFCFIRSTB,IDFC FIRST BANK
INDHOTEL,INDIAN HOTELS
ALKEM,ALKEM LAB LTD
YESBANK,YES BANK
NMDC,NMDC LTD
SOLARINDS,SOLAR INDUSTRIES I
LUPIN,LUPIN LTD
MUTHOOTFIN,MUTHOOT FINANCE LT
SUPREMEIND,SUPREME INDUSTRIES
BHARATFORG,BHARAT FORGE
PATANJALI,PATANJALI FOODS LIMITED
PERSISTENT,PERSISTENT SYSTEMS
INDIANB,INDIAN BANK
HINDPETRO,HINDUSTAN PETROL
PGHH,PROCTER&GAMBLE IND
GODREJPROP,GODREJ PROPERTIES
LTTS,L&T TECHNOLOGY SER
MRF,MRF LTD
TATAELXSI,TATA ELXSI
CUMMINSIND,CUMMINS INDIA
GICRE,GENERAL INSURANCE
INDUSTOWER,INDUS TOWERS LIMITED
PIIND,PI INDUSTRIES
ASHOKLEY,ASHOK LEYLAND
AUBANK,AU SMALL FINANCE B
OBEROIRLTY,OBEROI REALTY LTD
CONCOR,CONTAINER CORP
FACT,FERTILIZERS & CHEM
SUZLON,SUZLON ENERGY LTD
MPHASIS,MPHASIS LTD
BANKINDIA,BK OF INDIA
ASTRAL,ASTRAL LTD
SAIL,STEEL AUTHOR INDIA
TATACOMM,TATA COMMUNICATION
SCHAEFFLER,SCHAEFFLER INDIA L
BALKRISIND,BALKRISHNA INDS
NYKAA,FSN E Commerce Ventures
GMRINFRA,GMR AIRPORTS INFRA
LINDEINDIA,LINDE INDIA LTD
TATATECH,Tata Technologies Limited
UCOBANK,UCO BANK
PRESTIGE,PRESTIGE ESTATES P
UBL,UNITED BREWERIES L
JSL,JINDAL STAINLESS
AWL,Adani Wilmar Limited
MAZDOCK,Mazagon Dock Shipbuil Ltd
TORNTPOWER,TORRENT POWER
UPL,UPL LIMITED
JSWINFRA,JSW Infrastructure Ltd
CENTRALBK,CENTRAL BANK OF IN
ABCAPITAL,ADITYA BIRLA CAPIT
PAGEIND,PAGE INDUSTRIES LT
DALBHARAT,DALMIA BHARAT LTD
APLAPOLLO,APL APOLLO TUBES
3MINDIA,3M INDIA LTD
ACC,ACC LIMITED
KPITTECH,KPIT TECHNOLOGIES
L&TFH,L&T FINANCE HOLDIN
FLUOROCHEM,Gujarat Fluorochem Ltd
OIL,OIL INDIA LTD
PAYTM,One 97 Communications Ltd
PHOENIXLTD,PHOENIX MILLS
UNOMINDA,UNO MINDA LIMITED
DIXON,DIXON TECHNOLOGIES
SUNDARMFIN,SUNDARAM FINANCE L
BANDHANBNK,BANDHAN BANK LTD
COFORGE,COFORGE LIMITED
FEDERALBNK,FED BANK
RVNL,RAIL VIKAS NIGAM
SONACOMS,Sona BLW Precision Frgs L
JUBLFOOD,JUBILANT FOODWORKS
COROMANDEL,COROMANDEL INTL
THERMAX,THERMAX
OFSS,ORACLE FIN SERVICE
KALYANKJIL,Kalyan Jewellers Ind Ltd
POLICYBZR,PB Fintech Limited
SJVN,SJVN LTD
NLCINDIA,NLC INDIA LTD
AIAENG,AIA ENGINEERING
NIACL,THE NEW INDIA ASSU
METROBRAND,Metro Brands Limited
M&MFIN,MAHINDRA &MAH FIN
DEEPAKNTR,DEEPAK NITRITE
POONAWALLA,POONAWALLA FINCORP LTD
PETRONET,PETRONET LNG
ESCORTS,ESCORTS KUBOTA LTD
MFSL,MAX FINANCIAL SERV
HONAUT,HONEYWELL AUTO IND
VOLTAS,VOLTAS LTD
GLAXO,GLAXO SMITHKLINE P
MAHABANK,BK OF MAHARASHTRA
GUJGASLTD,GUJARAT GAS LTD
CRISIL,CRISIL LTD
GLAND,Gland Pharma Limited
FORTIS,FORTIS HLTH (INDIA
BDL,BHARAT DYNAMICS LT
STARHEALTH,Star Health & Al Ins Co L
MANYAVAR,Vedant Fashions Limited
ZFCVINDIA,ZF COM VE CTR SYS IND LTD
LLOYDSME,Lloyds Metals N Energy L
BSE,BSE LIMITED
BIOCON,BIOCON LTD
LICHSGFIN,LIC HOUSING FINAN
KEI,KEI INDUSTRIES
IGL,INDRAPRASTHA GAS
ANGELONE,ANGEL ONE LIMITED
JKCEMENT,JK CEMENTS LTD
ITI,INDIAN TEL IND(ITI
PSB,PUNJAB & SIND BANK
APOLLOTYRE,APOLLO TYRES
DELHIVERY,Delhivery Limited
IPCALAB,IPCA LABORATORIES
SYNGENE,SYNGENE INTERNATIO
KPRMILL,KPR MILL LTD
TATACHEM,TATA CHEMICALS
SUNTV,SUN TV NETWORK LTD
NAM-INDIA,NIPPON L I A M LTD
IREDA,Indian Renewable Energy
MSUMI,Motherson Sumi Wrng Ind L
ENDURANCE,ENDURANCE TECH
EXIDEIND,EXIDE INDUSTRIES
KANSAINER,KANSAI NEROLAC PAI
AJANTPHARM,AJANTA PHARMA
HINDCOPPER,HINDUSTAN COPPER
ZEEL,ZEE ENTERTAIN ENT
SUNDRMFAST,SUNDRAM FASTNERS
GRINDWELL,GRINDWELL NORTON
MEDANTA,Global Health Limited
360ONE,360 ONE WAM LIMITED
CREDITACC,CREDITACCESS GRAME
CYIENT,CYIENT LIMITED
HATSUN,HATSUN AGRO PRODUC
HUDCO,HOUSING & URBAN
JBCHEPHARM,J.B.CHEMICALS & PH
IRB,IRB INFRASTRUCTURE
GODREJIND,GODREJ INDUSTRIES
EMAMILTD,EMAMI LTD
NH,NARAYANA HRUDAYALA
TIMKEN,TIMKEN INDIA
APARINDS,APAR INDUSTRY LTD
NATIONALUM,NATIONAL ALUMINUM
RAMCOCEM,RAMCO CEMENTS(THE)
GLENMARK,GLENMARK PHARM
RATNAMANI,RATNAMANI MET &TBS
AARTIIND,AARTI IND LTD
DEVYANI,Devyani International Ltd
MRPL,MANGALORE REF &PET
ISEC,ICICI SEC. LTD
LAURUSLABS,LAURUS LABS LTD
IIFL,IIFL FINANCE LTD
SKFINDIA,SKF INDIA
RELAXO,RELAXO FOOTWEARS
KIOCL,KIOCL LTD
POWERINDIA,HITACHI ENERGY IND
RADICO,RADICO KHAITAN
TATAINVEST,TATA INVESTMENT
LALPATHLAB,DR LAL PATHLABS LT
FIVESTAR,Five-Star Bus Fin Ltd
ABFRL,ADITYA BIRLA FASH
BATAINDIA,BATA INDIA
CARBORUNIV,CARBORUNDUM UNVRSL
GILLETTE,GILLETTE INDIA LTD
ATUL,ATUL LTD
PEL,PIRAMAL ENTERPRISE
SONATSOFTW,SONATA SOFTWARE
KAJARIACER,KAJARIA CERAMICS
BRIGADE,BRIGADE ENTERPRISE
ASTERDM,ASTER DM HEALTHCAR
PNBHOUSING,PNB HOUSING
IDFC,IDFC LIMITED
SUMICHEM,Sumitomo Chemical Ind Ltd
CROMPTON,CROMPTON GREAVES C
BSOFT,BIRLASOFT (INDIA)
CHOLAHLDNG,CHOLAMANDALAM FIN
PFIZER,PFIZER LTD
BLUESTARCO,BLUE STAR
NAVINFLUOR,NAVIN FLUORINE INT
CDSL,CENTRAL DEPOSITORY
SANOFI,SANOFI INDIA LTD
TRIDENT,TRIDENT LTD
MOTILALOFS,MOTILAL OSWAL FINA
SUVENPHAR,Suven Pharmaceuticals Ltd
PPLPHARMA,Piramal Pharma Limited
AFFLE,Affle (India) Limited
VINATIORGA,VINATI ORGANICS
TTML,TATA TELESERVICES
CIEINDIA,CIE AUTOMOTIVE INDIA LTD
COCHINSHIP,COCHIN SHIPYARD LT
CASTROLIND,CASTROL INDIA
RRKABEL,R R Kabel Limited
JYOTHYLAB,JYOTHY LABS LTD
CESC,CESC
BLUEDART,BLUE DART EXPRESS
WHIRLPOOL,WHIRLPOOL OF INDIA
JBMA,JBM AUTO LTD
GSPL,GUJARAT STATE PETR
ELGIEQUIP,ELGI EQUIPMENT LTD
CENTURYPLY,CENTURYPLY LTD
RBLBANK,RBL BANK LIMITED
CELLO,Cello World Limited
KAYNES,Kaynes Technology Ind Ltd
RHIM,RHI MAGNESITA INDIA LTD
CLEAN,Clean Science & Tech Ltd
FINCABLES,FINOLEX CABLES
INDIAMART,IndiaMART InterMESH Ltd
INOXWIND,INOX WIND LTD
PVRINOX,PVR INOX LIMITED
IRCON,IRCON INTERNATIONA
DCMSHRIRAM,DCM SHRIRAM LTD
SHYAMMETL,Shyam Metalics and Engy L
APTUS,Aptus Value Hsg Fin I Ltd
CGCL,CAPRI GLOBAL CAPIT
KIMS,Krishna Inst of Med Sci L
TVSHLTD,TVS HOLDINGS LIMITED
EIHOTEL,EIH LTD
CHAMBLFERT,CHAMBAL FERTILISER
CONCORDBIO,Concord Biotech Limited
FINEORG,FINE ORGANIC IND
KEC,KEC INTERNATIONAL
NSLNISP,NMDC Steel Limited
IEX,INDIAN ENERGY EXCH
APLLTD,ALEMBIC PHARMACEUT
TEJASNET,TEJAS NETWORKS LTD
NATCOPHARM,NATCO PHARMA LTD
TANLA,TANLA PLATFORMS L
NBCC,NBCC (INDIA) LTD
LAXMIMACH,LAKSHMI MACHINE
MANAPPURAM,MANAPPURAM FINANCE
WELCORP,WELSPUN CORP LTD
CHALET,CHALET HOTELS LTD
POLYMED,POLY MEDICURE LTD
HONASA,Honasa Consumer Limited
TITAGARH,TITAGARH RAIL SYSTEMS LTD
WELSPUNLIV,WELSPUN LIVING
ASAHIINDIA,ASAHI INDIA GLASS
GESHIP,GREAT EASTERN SHI
ARE&M,AMARA RAJA ENERGY MOB LTD
ZENSARTECH,ZENSAR TECHNOLOGIE
REDINGTON,REDINGTON LTD
ASTRAZEN,ASTREZENECA PHARMA
NUVOCO,Nuvoco Vistas Corp Ltd
BIKAJI,Bikaji Foods Intern Ltd
CENTURYTEX,CENTURY TEXT & IND
HAPPSTMNDS,Happiest Minds Techno Ltd
HSCL,HIMADRI SPECIALITY
KARURVYSYA,KARUR VYSYA BANK
J&KBANK,JAMMU & KASHMIR BA
ABSLAMC,Adit Birl Sun Lif AMC Ltd
SWANENERGY,SWAN ENERGY LTD
SFL,SHEELA FOAM LTD
TRITURBINE,TRIVENI TURBINE LT
BASF,BASF INDIA
JINDALSAW,JINDAL SAW LTD
BLS,BLS INTERNATIONAL
JWL,JUPITER WAGONS LIMITED
RKFORGE,RAMKRISHNA FORGINS
FINPIPE,FINOLEX INDUSTRIES
CAMS,Computer Age Mngt Ser Ltd
ALKYLAMINE,ALKYL AMINES
GMDCLTD,GUJARAT MINERAL DE
GET&D,GE T&D INDIA LTD
FSL,FIRSTSOURCE SOLUTI
WESTLIFE,Westlife Development Ltd
ECLERX,ECLERX SERVICES
VGUARD,V-GUARD INDUSTRIES
NUVAMA,Nuvama Wealth Manage Ltd
MAHSEAMLES,MAHARASHTRA SEAML
ERIS,ERIS LIFESCIENCES
AEGISCHEM,AEGIS LOGISTICS
SIGNATURE,Signatureglobal India Ltd
JAIBALAJI,JAI BALAJI IND
AAVAS,AAVAS FINANCIERS L
RAINBOW,RAINBOW CHILDRENS
HBLPOWER,HBL POWER SYSTEMS
RITES,RITES LTD
KSB,KSB LTD
HFCL,HFCL LTD
SYRMA,Syrma SGS Technology Ltd
EQUITASBNK,Equitas Small Fin Bnk Ltd
AKZOINDIA,AKZO NOBEL INDIA
MGL,MAHANAGAR GAS LTD
BEML,BEML LTD
AETHER,Aether Industries Limited
GNFC,GUJARAT NARMADA VA
KPIL,KALPATARU PROJECTS
RAYMOND,RAYMOND LTD
INTELLECT,INTELLECT DESIGN A
CRAFTSMAN,Craftsman Automation Ltd
BAJAJELEC,BAJAJ ELECTRICALS
ANURAS,Anupam Rasayan India Ltd
VTL,VARDHMAN TEXTILES
UJJIVANSFB,Ujjivan Small Financ Bank
BIRLACORPN,BIRLA CORP
GRINFRA,G R Infraprojects Limited
OLECTRA,OLECTRA GREENTECH
CUB,CITY UNION BANK
UTIAMC,UTI Asset Mngmt Co Ltd
BBTC,BOMBAY BURMAH
GODFRYPHLP,GODFREY PHILLIPS
NEWGEN,NEWGEN SOFTWARE
RAILTEL,Railtel Corp of Ind Ltd
ANANDRATHI,Anand Rathi Wealth Ltd
RAJESHEXPO,RAJESH EXPORTS
GRAPHITE,GRAPHITE INDIA
GODREJAGRO,GODREJ AGROVET LTD
ZYDUSWELL,ZYDUS WELLNESS LTD
GPIL,GODAWARI POWER
ALOKINDS,Alok Industries Limited
IBULHSGFIN,INDIABULLS HOUSING
JKLAKSHMI,JK LAKSHMI CEMENT
AMBER,AMBER ENTERPRISES
RTNINDIA,RATTANINDIA ENT LIMITED
SPLPETRO,Supreme Petrochem Limited
MAPMYINDIA,C.E. Info Systems Limited
NCC,NCC LTD
DATAPATTNS,Data Patterns India Ltd
ELECON,ELECON ENGINEERING
CHENNPETRO,CHENNAI PETRO CP
CANFINHOME,CANFIN HOMES
CAPLIPOINT,CAPLIN POINT LABOR
TTKPRESTIG,TTK PRESTIGE
PRAJIND,PRAJ INDUSTRIES
CERA,CERA SANITARYWARE
SWSOLAR,Sterling & Wilson So Ltd
RENUKA,SHREE RENUKA SUGAR
ROUTE,ROUTE MOBILE LIMITED
GRSE,GARDEN REACH SHIPB
EIDPARRY,E.I.D.-PARRY(INDIA
ACE,ACTION CONSTRUCT
GALAXYSURF,GALAXY SURFACTANTS
INGERRAND,INGERSOLL RAND
GRANULES,GRANULES INDIA
CEATLTD,CEAT LTD
JKTYRE,JK TYRE&INDUSTRIES
SCHNEIDER,SCHNEIDER ELECTR
HAPPYFORGE,Happy Forgings Limited
ENGINERSIN,ENGINEERS INDIA
GSFC,GUJARAT STATE FER
ANANTRAJ,ANANT RAJ LTD
JPPOWER,JAIPRAKASH POWER
SBFC,SBFC Finance Limited
KIRLOSENG,KIRLOSKAR OIL ENGI
LEMONTREE,LEMON TREE HOTELS
PCBL,PCBL LIMITED
JMFINANCIL,JM FINANCIAL
LATENTVIEW,Latent View Analytics Ltd
SOBHA,SOBHA LIMITED
SPARC,SUN PHARMA ADV
SAFARI,Safari Ind (India) Ltd
PRSMJOHNSN,PRISM JOHNSON LTD
MINDACORP,MINDA CORP LTD
NETWORK18,NETWORK 18 MEDIA
ESABINDIA,ESAB INDIA
SAPPHIRE,Sapphire Foods India Ltd
USHAMART,USHA MARTIN
PNCINFRA,PNC INFRATECH LTD
MMTC,MMTC
MEDPLUS,Medplus Health Serv Ltd
SARDAEN,SARDA ENERGY & MIN
RPOWER,RELIANCE POWER
RCF,RASHTRIYA CHEM & F
TVSSCS,TVS Supply Chain Sol L
JUBLPHARMA,JUBILANT PHARMOVA LTD
TV18BRDCST,TV18 BROADCAST LTD
BALAMINES,BALAJI AMINES LTD
MASTEK,MASTEK
TECHNOE,TECHNO ELECTRIC &
METROPOLIS,METROPOLIS HEALTHC
KRBL,KRBL LTD
DEEPAKFERT,DEEPAK FERTILISERS
RATEGAIN,Rategain Travel Techn ltd
CCL,CCL PRODUCTS(IND)
CAMPUS,Campus Activewear Limited
VIPIND,VIP INDUSTRIES
MAHSCOOTER,MAHARASHTRA SCOOT
VARROC,VARROC ENGINEERING
SURYAROSNI,SURYA ROSHNI
MAHLIFE,MAHINDRA LIFESPACE
GAEL,GUJARAT AMBUJA EXP
RELINFRA,RELIANCE INFRASTRU
BALRAMCHIN,BALRAMPUR CHINI MI
IONEXCHANG,Ion Exchange (India) Ltd
KFINTECH,Kfin Technologies Limited
HOMEFIRST,Home First Fin Co Ind Ltd
PGHL,PROCTER & GAMBLE HEALTH L
PRINCEPIPE,Prince Pipes Fittings Ltd
RESPONIND,RESPONSIVE INDUSTR
PTCIL,PTC Industries Limited
KTKBANK,KARNATAKA BANK
JUBLINGREA,Jubilant Ingrevia Limited
GLS,Glenmark Life Science Ltd
MANINFRA,MAN INFRACONSTRUCT
SPANDANA,Spandana Sphoorty Fin Ltd
INDIACEM,INDIA CEMENTS
ACI,Archean Chemical Ind Ltd
INOXINDIA,INOX India Limited
LXCHEM,Laxmi Organic Indus Ltd
TMB,Tamilnad Merca Bank Ltd
CHEMPLASTS,Chemplast Sanmar Limited
ALLCARGO,ALLCARGO LOGISTICS
EMIL,Electronics Mart Ind Ltd
SANDUMA,Sandur Mang & Iron Ores L
MIDHANI,MISHRA DHATU NIGAM
QUESS,QUESS CORP LTD
TEGA,Tega Industries Limited
MHRIL,MAHINDRA HOLIDAYS
SHOPERSTOP,SHOPPERS STOP
DOMS,DOMS Industries Limited
SCI,SHIPPING CP INDIA
GRAVITA,GRAVITA INDIA LTD
TRIVENI,TRIVENI ENGINEERIN
GPPL,GUJARAT PIPAVAV PO
HEG,HEG LIMITED
EDELWEISS,EDELWEISS FIN SERV
DBREALTY,DB REALTY LTD
MARKSANS,MARKSANS PHARMA LT
RUSTOMJEE,Keystone Realtors Limited
VESUVIUS,VESUVIUS INDIA
STARCEMENT,STAR CEMENT LTD
PDSL,PDS LIMITED
CSBBANK,CSB Bank Limited
IFCI,IFCI LTD
GMMPFAUDLR,GMM PFAUDLER LTD
ISGEC,Isgec Heavy Eng Ltd
KNRCON,KNR CONSTRUCTIONS
EASEMYTRIP,Easy Trip Planners Ltd
SAREGAMA,SAREGAMA INDIA LTD
JLHL,Jupiter Life Line Hosp L
INDIGOPNTS,Indigo Paints Limited
LTFOODS,LT FOODS LIMITED
KIRLOSBROS,KIRLOSKAR BROTHERS
RELIGARE,RELIGARE ENTERPRIS
JAICORPLTD,JAI CORP LTD
VIJAYA,Vijaya Diagnostic Cen Ltd
JKPAPER,JK PAPER LTD
UJJIVAN,UJJIVAN FIN SERV
ROLEXRINGS,Rolex Rings Limited
GARFIBRES,GARWARE TECHNICAL
ARVIND,ARVIND LTD
JUSTDIAL,JUST DIAL LTD
GREENLAM,GREENLAM INDUSTRIE
VRLLOG,VRL LOGISTICS LTD
MTARTECH,MTAR Technologies Limited
NEULANDLAB,NEULAND LABORITIE
POWERMECH,POWER MECH PROJECT
GOCOLORS,Go Fashion India Ltd
ZENTEC,ZEN TECHNOLOGIES
NETWEB,Netweb Tech India Ltd
SIS,SIS LTD
VOLTAMP,VOLTAMP TRANSFORME
ELECTCAST,ELECTROSTEEL CAST
BECTORFOOD,Mrs Bectors Food Spe Ltd
VAIBHAVGBL,VAIBHAV GLOBAL LTD
TEXRAIL,TEXMACO RAIL & ENG
SUNTECK,SUNTECK REALTY LTD
RSYSTEMS,R SYSTEMS INTERNAT
REDTAPE,Redtape Limited
IWEL,Inox Wind Energy Limited
FDC,FDC LTD
EPL,EPL LIMITED
SHRIPISTON,SHRIRAM PISTONS &
TCI,TRANSPORT CORP OF
THOMASCOOK,THOMAS COOK
BLUEJET,Blue Jet Healthcare Ltd
NAVA,NAVA LIMITED
HNDFDS,Hindustan Foods Limited
MOIL,MOIL LTD
NESCO,NESCO LTD
PGEL,PG ELECTROPLAST LT
SYMPHONY,SYMPHONY LTD
WOCKPHARMA,WOCKHARDT
ICIL,INDO COUNT INDUSTR
SHAREINDIA,Share Ind. Securities Ltd
INDIASHLTR,India Shelter Fin Corp L
JINDWORLD,JINDAL WORLDWIDE
TATACOFFEE,TATA COFFEE
CMSINFO,CMS Info Systems Limited
GENUSPOWER,GENUS POWER INFRA
INFIBEAM,INFIBEAM AVENUES L
STAR,STRIDES PHARMA SCI
NIITMTS,NIIT Learning Systems Ltd
UTKARSHBNK,Utkarsh Small Fin Bank L
TIIL,TECHNOCRAFT INDUST
FUSION,Fusion Micro Finance Ltd
BORORENEW,BOROSIL RENEWABLES LTD
ASKAUTOLTD,ASK Automotive Limited
ASTRAMICRO,ASTRA MICROWAVE PR
AVANTIFEED,AVANTI FEEDS
JSWHL,JSW HOLDINGS LIMIT
GUJALKALI,GUJARAT ALKALIES
STLTECH,STERLITE TECHNOLOGIES LTD
NAZARA,Nazara Technologies Ltd
GABRIEL,GABRIEL INDIA
SUPRAJIT,SUPRAJIT ENG LTD
PTC,PTC INDIA LTD
DBL,DILIP BUILDCON LTD
SOUTHBANK,SOUTH INDIA BANK
GHCL,GHCL
RBA,RESTAURANT BRAND ASIA LTD
PARADEEP,Paradeep Phosphates Ltd
HGINFRA,H.G. INFRA ENGINEE
ICRA,ICRA LTD
RAMKY,RAMKY INFRASTRUCTU
KESORAMIND,KESORAM INDUSTRIES
SANSERA,Sansera Engineering Ltd
ARVINDFASN,ARVIND FASHIONS LT
SENCO,Senco Gold Limited
AURIONPRO,AURIONPRO SOLUTION
TEAMLEASE,TEAMLEASE SERVICES
CYIENTDLM,Cyient DLM Limited
AGI,AGI GREENPAC LIMITED
KPIGREEN,KPI GREEN ENERGY LIMITED
HEIDELBERG,HEIDELBERGCEMENT I
TCIEXP,TCI EXPRESS LTD
VSTIND,VST INDUSTRIES
GREENPANEL,Greenpanel Industries Ltd
DODLA,Dodla Dairy Limited
AHLUCONT,AHLUWALIA CONT LTD
RAIN,RAIN INDUSTRIES LT
GATEWAY,Gateway Distriparks Ltd
ORIENTCEM,ORIENT CEMENT LTD
ETHOSLTD,Ethos Limited
HCG,HEALTHCARE GLOBAL
FEDFINA,Fedbank Financial Ser L
GOKEX,GOKALDAS EXPORTS L
PRUDENT,Prudent Corp Adv Ser Ltd
ITDCEM,ITD CEMENTATION IN
BBOX,BLACK BOX LIMITED
JPASSOCIAT,JAIPRAKASH ASSOCIA
RALLIS,RALLIS INDIA LTD
ORIENTELEC,ORIENT ELECTRIC LT
RTNPOWER,RATTANINDIA POWER
DHANUKA,DHANUKA AGRITECH
WSTCSTPAPR,WEST COAST PAPER M
WONDERLA,WONDERLA HOLIDAYS
DBCORP,D B CORP LTD
MASFIN,MAS FINANCIAL SERV
LLOYDSENGG,LLOYDS ENGG WORK LIMITED
IBREALEST,INDIABULLS REAL ES
KKCL,KEWEL KIRAN CLOTHI
MSTCLTD,MSTC LIMITED
TINPLATE,TINPLATE CO INDIA
PATELENG,PATEL ENGINEERING
TI,TILAKNAGAR INDUSTR
PRICOLLTD,PRICOL LTD
SHANTIGEAR,SHANTHI GEARS
HGS,HINDUJA GLOBAL SOL
PRIVISCL,PRIVI SPECIALITY CHE LTD
CHOICEIN,Choice International Ltd
AARTIPHARM,Aarti Pharmalabs Limited
BANCOINDIA,BANCO PRODUCTS
MAXESTATES,Max Estates Limited
NOCIL,NOCIL LTD
JAYNECOIND,JAYASWAL NECO IND
WELENT,WELSPUN ENTERPRISE
AARTIDRUGS,AARTI DRUGS LTD
IIFLSEC,IIFL SECURITIES
NFL,NATIONAL FERTI.LTD
JAMNAAUTO,JAMNA AUTO IND
PURVA,PURAVANKARA LTD
ROSSARI,Rossari Biotech Limited
TIPSINDLTD,TIPS INDUSTRIES
JKIL,J KUMAR INFAPROJEC
HEMIPROP,Hemisphere Prop Ind Ltd
GALLANTT,GALLANTT ISPAT LTD
HCC,HINDUSTAN CONSTRUC
MUTHOOTMF,Muthoot Microfin Limited
DATAMATICS,DATAMATICS GLOBAL
ORISSAMINE,ORISSA MINERALS DE
JISLJALEQS,JAIN IRRIGATION
KALAMANDIR,Sai Silks (Kalamandir) L
SULA,Sula Vineyards Limited
HMAAGRO,HMA Agro Industries Ltd
ADVENZYMES,ADVANCED ENZYME TE
IPL,India Pesticides Limited
SINDHUTRAD,Sindhu Trade Links Ltd
DCBBANK,DCB BANK LIMITED
PAISALO,PAISALO DIGITAL LT
AMIORG,Ami Organics Limited
LAOPALA,LA-OPALA RG LTD
THANGAMAYL,THANGAMAYIL JEWELL
AZAD,Azad Engineering Limited
SHARDACROP,SHARDA CROPCHEM
SSWL,STEEL STRIPS WHEEL
TDPOWERSYS,TD POWER SYSTEMS P
JTLIND,JTL INDUSTRIES LIMITED
EPIGRAL,EPIGRAL LIMITED
TIMETECHNO,TIME TECHNOPLAST
TARC,Anant Raj Global Limited
FCL,FINEOTEX CHEMICAL
VMART,V-MART RETAIL LTD
RAJRATAN,Rajratan Global Wire Ltd
LGBBROSLTD,LG BALAKRISHNA & B
NUCLEUS,NUCLEUS SOFTWARE
LUXIND,LUX INDUSTRIES LTD
ASHOKA,ASHOKA BUILDCON LT
DELTACORP,DELTA CORP LTD
BCG,BRIGHTCOM GROUP
NEOGEN,NEOGEN CHEMICALS
WABAG,VA TECH WABAG LTD
KIRLPNU,Kirloskar Pneumatic Com L
SHARDAMOTR,SHARDA MOTOR INDUS
JTEKTINDIA,JTEKT INDIA LTD
ITDC,INDIA TOURISM DEV
BOROLTD,Borosil Limited
ASHAPURMIN,ASHAPURA MINE CHEM
IFBIND,IFB INDUSTRIES LTD
SUDARSCHEM,SUDARSHAN CHEMICAL
SUNFLAG,SUNFLAG IRON & STE
HATHWAY,HATHWAY CABLE & DA
HIKAL,HIKAL LTD
TATVA,Tatva Chin Pharm Chem Ltd
BALMLAWRIE,BALMER LAWRIE
BHARATRAS,BHARAT RASAYAN LTD
KOLTEPATIL,KOLTE-PATIL DEVELO
HLEGLAS,HLE Glascoat Limited
HINDWAREAP,HINDWARE HME INOVATON LTD
FLAIR,Flair Writing Indust Ltd
INDOCO,INDOCO REMEDIES LT
SAMHI,Samhi Hotels Limited
AVALON,Avalon Technologies Ltd
ORCHPHARMA,Orchid Pharma Limited
HARSHA,Harsha Engineers Int Ltd
KDDL,KDDL LTD
BAJAJHIND,BAJAJ HINDUSTHAN S
SANGHVIMOV,SANGHVI MOVERS
ESAFSFB,ESAF Small Finance Bank L
SUBROS,SUBROS LTD
PILANIINVS,PILANI INVESTMENT
GULFOILLUB,GULF OIL LUBRICANT
GREAVESCOT,GREAVES COTTON LTD
EMUDHRA,eMudhra Limited
IDEAFORGE,Ideaforge Techno Ltd
KIRLOSIND,KIRLOSKAR IND LTD
UFLEX,UFLEX LTD
GANESHHOUC,GANESH HOUSING CP
DYNAMATECH,DYNAMATIC TECHNOLO
MAITHANALL,MAITHAN ALLOYS LTD
TVSSRICHAK,TVS SRICHAKRA LTD
LANDMARK,Landmark Cars Limited
KSCL,KAVERI SEED COMPAN
NAVNETEDUL,NAVNEET EDUCATION
TASTYBITE,TASTY BITE EATABLE
THYROCARE,THYROCARE TECHNOL
SAKSOFT,SAKSOFT LTD
TATAMETALI,TATA METALIKS
GMRP&UI,GMR Pow and Urban Infra L
DISHTV,DISH TV INDIA LTD
CARTRADE,Cartrade Tech Limited
DALMIASUG,DALMIA BHARAT SUGA
NILKAMAL,NILKAMAL LTD
SAGCEM,SAGAR CEMENTS
DCXINDIA,DCX Systems Limited
POLYPLEX,POLYPLEX CORP
TRIL,TRANSFORM & RECTIF
SANGHIIND,SANGHI INDUSTRIES
SHALBY,SHALBY LTD
VSTTILLERS,VST TILLERS TRACT
GRWRHITECH,Garware Hi-Tech Films Lim
NRBBEARING,NRB BEARINGS
SUNDARMHLD,SUNDARAM FINANCE H
AUTOAXLES,AUTOMOTIVE AXLES
YATHARTH,Yatharth Hosp & Tra C S L
BANARISUG,BANNARI AMMAN SUG
GENSOL,Gensol Engineering Ltd
BOMDYEING,BOMBAY DYEING &MFG
PFOCUS,PRIME FOCUS
GUFICBIO,GUFIC BIOSCIENCES
SBCL,Shivalik Bimetal Con. Ltd
BAJAJCON,BAJAJ CONSUMER
INNOVACAP,Innova Captab Limited
INOXGREEN,Inox Green Energy Ser Ltd
SUNCLAY,Sundaram Clayton Limited
SOMANYCERA,SOMANY CERAMICS LD
MOLDTKPAC,MOLD-TEK PACKAGING
JCHAC,JOHNSON CONTROLS-H
DIVGIITTS,Divgi Torqtransfer Syst L
PRAKASH,PRAKASH INDUSTRIES
APOLLO,APOLLO MICRO SYSTE
SANDHAR,SANDHAR TECHNOLOGI
GREENPLY,GREENPLY INDUSTRIE
SWARAJENG,SWARAJ ENGINES
WENDT,WENDT (INDIA)
STYLAMIND,Stylam Industries Limited
CIGNITITEC,CIGNITI TECHNOLOGI
MPSLTD,MPS LTD
IFGLEXPOR,IFGL EXPORTS LTD
KINGFA,KINGFA SCIENCE & T
SHILPAMED,SHILPA MEDICARE
DREAMFOLKS,Dreamfolks Services Ltd
SEPC,SEPC LIMITED
IMAGICAA,IMAGICAAWORLD ENT LTD
UNICHEMLAB,UNICHEM LABS
MUKANDLTD,MUKAND
VENUSPIPES,Venus Pipes & Tubes Ltd
SEQUENT,SEQUENT SCIENTIFIC
CARERATING,CARE RATINGS LTD
PGIL,PEARL GLOBAL INDUS
HERITGFOOD,HERITAGE FOODS LTD
BSHSL,Bombay Super Hybrid Seeds
TARSONS,Tarsons Products Limited
PARAS,Paras Def and Spce Tech L
MAHLOG,MAHINDRA LOGISTICS
JINDALPOLY,JINDAL POLY FILMS
FIEMIND,FIEM INDUSTRIES LT
PSPPROJECT,PSP PROJECTS LIMIT
ISMTLTD,ISMT LTD
VENKEYS,VENKY'S (INDIA)
BBL,BHARAT BIJLEE
PARAGMILK,PARAG MILK FOODS
DEN,DEN NETWORKS LTD
ZAGGLE,Zaggle Prepa Ocean Ser L
IOLCP,IOL CHEMICALS&PHAR
ASHIANA,ASHIANA HOUSING LD
PFS,PTC INDIA FINANCIA
ANUP,THE ANUP ENGINEERI
IMFA,INDIAN METALS & FE
APOLLOPIPE,Apollo Pipes Limited
VPRPL,Vishnu Prakash R Pungli L
DCAL,DISHMAN CARBOGEN
GANDHAR,Gandhar Oil Refine Ind L
GOODLUCK,GOODLUCK INDIA LTD
OPTIEMUS,OPTIEMUS INFRACOM
SEAMECLTD,SEAMEC LTD
SATIN,SATIN CRCARE NET
APCOTEXIND,APCOTEX INDUSTRIES
GIPCL,GUJARAT IND POWER
LUMAXTECH,LUMAX AUTO TECHNOL
DOLLAR,DOLLAR INDUSTRIES
BARBEQUE,Barbeque Nation Hosp. Ltd
UNIPARTS,Uniparts India Limited
VINDHYATEL,VINDHYA TELELINKS
MBAPL,Madhya Bharat Agro P. Ltd
GOCLCORP,GOCL CORPORATION L
DIAMONDYD,PRATAAP SNACKS LTD
CONFIPET,Confidence Petro Ind Ltd.
STYRENIX,STYRENIX PERFORMANCE LTD
SUPRIYA,Supriya Lifescience Ltd
EVEREADY,EVEREADY INDUSTRIE
GLOBUSSPR,GLOBUS SPIRITS LTD
BEPL,BHANSALI ENG POLYM
UGROCAP,Ugro Capital Limited
MOREPENLAB,MOREPEN LABORATORI
MAYURUNIQ,MAYUR UNIQUOTERS L
HMT,HMT LTD (INDIA)
MUFIN,Mufin Green Finance Ltd
TIDEWATER,TIDE WATER OIL (IN
IKIO,Ikio Lighting Limited
REPCOHOME,REPCO HOME FIN LTD
AXISCADES,AXISCADES TECHNOLO
FOSECOIND,FOSECO(INDIA)
ARTEMISMED,ARTEMIS MEDICARE
SOTL,SAVITA OIL TECHNOL
ANDHRAPAP,ANDHRA PAPER LIMITED
SIYSIL,SIYARAM SILK
HONDAPOWER,HONDA INDIA POWER
HINDOILEXP,HINDUSTAN OIL EXPL
INDIAGLYCO,INDIA GLYCOL
TCNSBRANDS,TCNS CLOTHING CO L
PRECAM,PRECISION CAMSHAF
EMSLIMITED,EMS Limited
SKIPPER,SKIPPER LTD
DHANI,DHANI SERVICES LIMITED
MMFL,M.M. FORGINGS
VISHNU,VISHNU CHEMICALS L
ALEMBICLTD,ALEMBIC LTD
LUMAXIND,LUMAX INDUSTRIES
KRSNAA,Krsnaa Diagnostics Ltd
CAMLINFINE,CAMLIN FINE SCIENC
YATRA,Yatra Online Limited
MANORAMA,Manorama Industries Ltd
PITTIENG,PITTI ENGINEERING
TIRUMALCHM,THIRUMALAI CHEM
UDS,Updater Services Limited
SIRCA,Sirca Paint India Limited
SESHAPAPER,SESHASAYEE PAPER&B
BFUTILITIE,BF UTILITIES LTD
RISHABH,Rishabh Instruments Ltd
IRMENERGY,IRM Energy Limited
RPGLIFE,RPG LIFE SCIENCES
CARYSIL,CARYSIL LIMITED
SDBL,SOM DIST & BREW LTD
ADFFOODS,ADF FOODS LTD
ORIENTHOT,ORIENTAL HOTELS
FILATEX,FILATEX INDIA
PCJEWELLER,PC JEWELLER LIMITE
63MOONS,63 MOONS TECHNOLOG
FINOPB,Fino Payments Bank Ltd
EVERESTIND,EVEREST INDUSTRIES
RPSGVENT,RPSG VENTURES LIMITED
HUHTAMAKI,HUHTAMAKI INDIA LIMITED
PRECWIRE,PRECISION WIRES IN
GTPL,GTPL HATHWAY LTD
ASTEC,ASTEC LIFESCIENCES
XPROINDIA,XPRO INDIA LTD.
SADHNANIQ,Sadhana Nitrochem Limited
GANECOS,GANESHA ECOSPHERE
GREENPOWER,ORIENT GREEN POWER
JINDRILL,JINDAL DRILLING
RUPA,RUPA & CO LTD
SANGAMIND,SANGAM INDIA
ARMANFIN,ARMAN FINANCIAL SE
ATFL,AGRO TECH FOODS
HIL,HIL LIMITED
MTNL,MAHANAGAR TELEP NI
KSL,KALYANI STEELS
ACCELYA,ACCELYA SOLUTIONS
SASKEN,SASKEN TECHNOLOGIE
BHARATWIRE,BHARAT WIRE ROPES
SHRIRAMPPS,Shriram Properties Ltd
INDOSTAR,INDOSTAR CAP FIN
SALASAR,SALASAR TECHNO ENG
VIDHIING,VIDHI SPECIALTY FO
TNPL,TAMIL NADU NEWSPRI
PARACABLES,PARAMOUNT COMMUNIC
KIRIINDUS,KIRI INDUSTRIES LT
TCPLPACK,TCPL PACKAGING LTD
ADORWELD,ADOR WELDING
MANGLMCEM,MANGALAM CEMENT
JAGRAN,JAGRAN PRAKASHAN L
RIIL,RELIANCE IND INFRA
SPECTRUM,error
EXPLEOSOL,EXPLEO SOLUTIONS
BFINVEST,BF INVESTMENT LTD
SHK,S H KELKAR AND COM
PANAMAPET,PANAMA PETROCHEM L
VAKRANGEE,VAKRANGEE LTD
FMGOETZE,FED MOGUL GOETZE
AEROFLEX,Aeroflex Industries Ltd
TTKHLTCARE,TTK HEALTHCARE
INSECTICID,INSECTICIDES INDIA
VERANDA,Veranda Learning Sol Ltd
THEJO,Thejo Engineering Limited
KCP,KCP LTD
MOL,Meghmani Organics Limited
CANTABIL,CANTABIL RETAIL IN
THEMISMED,THEMIS MEDICARE LT
MARATHON,MARATHON NEXTGEN
ARVSMART,ARVIND SMARTSPACES
QUICKHEAL,QUICK HEAL TECHNOL
SJS,SJS Enterprises Limited
SMLISUZU,SML ISUZU LTD
GNA,GNA AXLES LTD
SUBEXLTD,Subex Ltd
DPSCLTD,DPSC LIMITED
RAMCOIND,RAMCO INDUSTRIES
JASH,Jash Engineering Limited
SHAKTIPUMP,SHAKTI PUMPS INDIA
MUFTI,Credo Brands Marketing L
GEOJITFSL,GEOJIT FINANCIAL S
BUTTERFLY,BUTTERFLY GANDHIMA
YASHO,Yasho Industries Limited
TALBROAUTO,TALBROS AUTO
CAPACITE,CAPACIT'E INFRAPRO
RANEHOLDIN,RANE HOLDINGS LTD
GOKULAGRO,GOKUL AGRO RES LTD
GOLDIAM,GOLDIAM INTERNATL
VADILALIND,VADILAL INDUSTRIES
NITINSPIN,NITIN SPINNERS LTD
NELCO,NELCO
MADRASFERT,MADRAS FERTILIZERS
VSSL,VARDHMAN SPECIAL S
HLVLTD,HLV LIMITED
RAMASTEEL,RAMA STEEL TUBES
ROSSELLIND,ROSSELL INDIA LTD
PIXTRANS,Pix Transmissions Limited
SUVEN,SUVEN LIFE SCIENCE
5PAISA,5PAISA CAPITAL LTD
UNITECH,UNITECH LIMITED
PNBGILTS,PNB GILTS
CENTUM,CENTUM ELECTRONICS
AMRUTANJAN,AMRUTANJAN HEALTH
HARIOMPIPE,Hariom Pipe Industries L
MANINDS,MAN INDUSTRIES (IN
BCLIND,BCL Industries Limited
PREMEXPLN,PREMIER EXPLOSIVES
WHEELS,WHEELS INDIA LTD
NDTV,NEW DELHI TELEVISI
DHAMPURSUG,DHAMPUR SUGAR MILL
PENIND,PENNAR INDUSTRIES
DCW,DCW
DREDGECORP,DREDGING CORP IND
NSIL,NALWA SONS INVEST
SPCENET,SPACENET ENTERPRIS
GTLINFRA,GTL INFRASTRUCTURE
SURYODAY,Suryoday Small Fin Bk Ltd
UNIVCABLES,UNIVERSAL CABLES
SICALLOG,Sical Logistics Limited
HIMATSEIDE,HIMATSINGKA SEIDE
FAIRCHEMOR,Fairchem Organics Limited
DEEPINDS,Deep Industries Limited
DWARKESH,DWARIKESH SUGAR IN
IGARASHI,IGARASHI MOTORS IN
SHANKARA,SHANKARA BUILDING
SERVOTECH,Servotech Power Sys Ltd.
PUNJABCHEM,PUNJAB CHEM&CROP
ACLGATI,ALLCARGO GATI LIMITED
CONTROLPR,CONTROL PRINT LTD
COSMOFIRST,COSMO FIRST LIMITED
HPL,HPL ELECTRIC POWER
BHAGCHEM,Bhagiradha Chem & Inds L
AHL,Abans Holdings Limited
HERANBA,Heranba Industries Ltd
ATULAUTO,ATUL AUTO LTD
GVKPIL,GVK POWER & INFRAS
INDRAMEDCO,INDRAPRASTHS MEDIC
SIGACHI,Sigachi Industries Ltd
NPST,error
HITECH,HI TECH PIPES LTD
SPIC,SOUTHERN PETROCHEM
AJMERA,AJMERA REALTY & IN
MVGJL,Manoj Vaibhav Gem N Jew L
VASCONEQ,VASCON ENGINEERS L
GENESYS,GENESYS INTL
UTTAMSUGAR,UTTAM SUGAR MILLS
NIITLTD,NIIT
SHAILY,Shaily Eng Plastics Ltd
NAVKARCORP,NAVKAR CORPORATION
GEPIL,GE POWER INDIA LTD
BAJEL,Bajel Projects Limited
SPAL,S.P.APPARELS LTD
APTECHT,APTECH LTD
ANDHRSUGAR,ANDHRA SUGARS
KUANTUM,Kuantum Papers Limited
KRISHANA,Krishana Phoschem Limited
KITEX,KITEX GARMENTS LTD
CUPID,CUPID LTD(INDIA)
POKARNA,POKARNA LTD
KABRAEXTRU,KABRA EXTRUSIONTEC
STOVEKRAFT,Stove Kraft Limited
DPABHUSHAN,D. P. Abhushan Limited
MONARCH,Monarch Networth Cap Ltd
JSLL,error
OMINFRAL,OM INFRA LIMITED
SURAJEST,Suraj Estate Developers L
MONTECARLO,MONTE CARLO FASHIO
NACLIND,NACL INDUSTRIES LT
KOKUYOCMLN,KOKUYO CAMLIN LTD
PENINLAND,PENINSULA LAND LTD
MANGCHEFER,MANGALORE CHEMICAL
IGPL,IG PETROCHEMICAL
BLKASHYAP,B.L. KASHYAP & SON
KICL,KALYANI INVESTMENT
TAJGVK,TAJ GVK HOTELS
EKC,EVEREST KANTO CYLI
JITFINFRA,JITF INFRALOGISTIC
HARDWYN,Hardwyn India Limited
SYNCOMF,Syncom Formu (I) Ltd
BETA,error
EIHAHOTELS,EIH ASSOC HOTELS
ONWARDTEC,ONWARD TECHNO
KSOLVES,Ksolves India Limited
ALICON,ALICON CASTALLOY L
AVTNPL,AVT NATURAL PROD
SATIA,Satia Industries Limited
VALIANTORG,Valiant Organics Limited
SUMMITSEC,SUMMIT SECURITIES
AGARIND,AGARWAL INDUSTRIAL
NGLFINE,NGL Fine Chem Limited
SHREDIGCEM,SHREE DIGVIJAY CEMENT
AWHCL,Antony Waste Hdg Cell Ltd
NELCAST,NELCAST LTD
OMAXE,OMAXE LTD
MANALIPETC,MANALI PETROCHEMS
HEUBACHIND,HEUBACH COLORANTS IND LTD
INDORAMA,INDO RAMA SYNTHETC
COFFEEDAY,COFFEE DAY ENTERPR
OAL,Oriental Aromatics Limite
AVADHSUGAR,AVADH SUGAR ENERGY
DCMSRIND,DCM Shriram Ind Ltd
TEXINFRA,TEXMACO INFRA & HO
RML,RANE(MADRAS)LTD
REFEX,REFEX INDUSTRIES L
ROTO,Roto Pumps Limited
GULPOLY,GULSHAN POLYOLS LT
MARINE,Marine Electrical (I) Ltd
SASTASUNDR,SASTASUNDAR VENTUR
RAMRAT,Ram Ratna Wires Limited
SATINDLTD,Sat Industries Limited
BLISSGVS,BLISS GVS PHARMA
SOLARA,SOLARA ACTIVE PHAR
ATL,Allcargo Terminals Ltd
MATRIMONY,MATRIMONY COM LTD
GMBREW,GM BREWERIES
STERTOOLS,STERLING TOOLS
SHALPAINTS,SHALIMAR PAINTS
CLSEL,Chaman Lal Setia Exp Ltd
INDIANHUME,INDIAN HUME PIPE
TVTODAY,TV TODAY NETWORK
REPRO,REPRO INDIA LTD
IMPAL,INDIA MOTOR PARTS
STEELCAS,Steelcast Limited
HESTERBIO,HESTER BIOSCIENCES
JYOTISTRUC,JYOTI STRUCTURES
ZOTA,Zota Health Care Limited
LINCOLN,LINCOLN PHARMA LTD
INDNIPPON,INDIA NIPPON ELECT
XCHANGING,XCHANGING SOLUTION
CENTRUM,CENTRUM CAPITAL
RICOAUTO,RICO AUTO INDS
FOCUS,Focus Lightg
KOPRAN,KOPRAN LTD
BIGBLOC,BIGBLOC CONSTRUCTI
SHIVALIK,Shivalik Rasayan Limited
GICHSGFIN,GIC HOUSING FINANC
JAYBARMARU,JAY BHARAT MARUTI
DLINKINDIA,D-LINK (INDIA)LTD
TFCILTD,TOURISM FIN CORP
INNOVANA,error
EXCELINDUS,EXCEL INDUSTRIES
ONMOBILE,ONMOBILE GLOBAL LT
GRMOVER,GRM Overseas Limited
REMUS,error
TRACXN,Tracxn Technologies Ltd
HERCULES,HERCULES HOISTS
AGSTRA,AGS Transact Tech Ltd
TREL,Transindia Real Estate L
ARIHANTSUP,ARIHANT SUPERSTRUC
DVL,DHUNSERI VENTURES
UNIENTER,UNIPHOS ENTERPRISE
LIKHITHA,Likhitha Infrastruc Ltd
GANESHBE,Ganesh Benzoplast Limited
SKYGOLD,Sky Gold Limited
SPORTKING,Sportking India Limited
FAZE3Q,Faze Three Limited
KAMOPAINTS,Kamdhenu Ventures Limited
CHEMCON,Chemcon Special Chem Ltd
RAJRILTD,Raj Rayon Industries Ltd
GFLLIMITED,GFL LIMITED
INFOBEAN,InfoBeans Techno. Ltd.
CREATIVE,Creative Peripherals and
SMCGLOBAL,SMC Global Securities Ltd
SNOWMAN,SNOWMAN LOGISTICS
CONSOFINVT,CONSOLIDATED FINVE
NINSYS,NINtec Systems Limited
ASIANENE,Asian Energy Services Ltd
MKPL,M K Proteins Limited
GIRIRAJ,error
SBGLP,Suratwwala Bus Group Ltd
BODALCHEM,BODAL CHEMICALS
RUSHIL,RUSHIL DECOR LTD
V2RETAIL,V2 RETAIL LTD
VISHNUINFR,error
BAJAJHCARE,Bajaj Healthcare Limited
CSLFINANCE,CSL Finance Limited
RAMCOSYS,RAMCO SYSTEMS
PANACEABIO,PANACEA BIOTEC LTD
RSWM,RSWM LTD
NAHARSPING,NAHAR SPINNING
JAGSNPHARM,JAGSONPAL PHARMACE
SKMEGGPROD,SKM EGG PRODUCTS
DBOL,Dhampur Bio Organics Ltd
NCLIND,NCL INDUSTRIES
SMSPHARMA,SMS PHARMACEUTICAL
ACL,Andhra Cements Limited
VHL,VARDHAMAN HOLDINGS
NDRAUTO,NDR Auto Components Ltd
LINC,LINC LIMITED
ALLSEC,ALLSEC TECHNOLOGIE
ONEPOINT,ONE POINT ONE SOLU
RGL,RENAISSANCE GLOBAL
DENTALKART,error
STEELXIND,STEEL EXCHANGE IND
KAMDHENU,KAMDHENU LTD
AMBIKCO,AMBIKA COTTON MILL
KELLTONTEC,KELLTON TECH SOLU
ICEMAKE,Ice Make Refrigerat Ltd
SPENCERS,SPENCERS RETAIL
MOTISONS,Motisons Jewellers Ltd
SRHHYPOLTD,SREE RAYALASEEMA H
MAGADSUGAR,MAGADH SUGAR & ENE
GPTINFRA,GPT INFRAPROJECTS
SCHAND,S CHAND AND COMPAN
ASIANTILES,ASIAN GRANITO INDI
DYCL,Dynamic Cables Limited
SUTLEJTEX,SUTLEJ TEXTILES
E2E,E2E Networks Limited
WEBELSOLAR,WEBSOL ENERGY SYST
RADIANTCMS,Radiant Cash Mgmt Ser Ltd
PPL,PRAKASH PIPES LTD
CENTENKA,CENTURY ENKA
ZEEMEDIA,ZEE MEDIA CORP
GANDHITUBE,GANDHI SPECIAL TUB
MSPL,MSP STEEL & POWER
YUKEN,Yuken India Limited
HIRECT,HIND RECTIFIERS LT
EIMCOELECO,EIMCO ELECON INDIA
UGARSUGAR,UGAR SUGAR WORKS
AMNPLST,Amines & Plasticizers Ltd
HPAL,HP Adhesives Limited
SREEL,SREELEATHERS LTD
ORIENTPPR,ORIENT PAPER & IND
SPECIALITY,SPECIALITY RESTAUR
JUBLINDS,JUBILANT INDUSTRIE
TRU,TRUCAP FINANCE LIMITED
ORIANA,error
TNPETRO,TAMILNADU PETRO PR
VIMTALABS,VIMTA LABORATORIES
DPWIRES,D P Wires Limited
KERNEX,KERNEX MICROSYSTEM
WINDLAS,Windlas Biotech Limited
DHARMAJ,Dharmaj Crop Guard Ltd
VINYAS,error
INDOAMIN,Indo Amines Limited
SILVERTUC,Silver Touch Techno Ltd
GKWLIMITED,GKW LIMITED
ASALCBR,Asso Alcohols & Brew Ltd
MUNJALAU,MUNJAL AUTO INDUST
ENIL,ENTERTAINMENT NETW
BLAL,BEML Land Assets Limited
ROHLTD,ROYAL ORCHID HOTEL
CHEVIOT,Cheviot Company Limited
WALCHANNAG,WALCHANDNAGAR IND
MANAKSIA,MANAKSIA LTD
HITECHGEAR,THE HI-TECH GEARS
FOODSIN,Foods & Inns Limited
PAKKA,PAKKA LIMITED
BIRLACABLE,BIRLA CABLE LTD
KOTHARIPET,KOTHARI PETROCHEM
SAKAR,SAKAR HEALTHCARE L
KOTYARK,error
TBZ,TRIBHOVANDAS BHIMJ
SANDESH,SANDESH
HEXATRADEX,HEXA TRADEX LTD
BCONCEPTS,Brand Concepts Limited
VINYLINDIA,VINYL CHEMICALS(IN
OCCL,ORIENTAL CARB & CH
DMCC,DMCC SPECIALITY CHEMICALS
3IINFOLTD,3i Infotech Limited
STCINDIA,STATE TRD CORP IND
CREST,CREST VENTURES
DENORA,DE NORA INDIA
SWELECTES,SWELECT ENERGY SYS
ZUARI,ZUARI AGRO CHEMICA
DECCANCE,DECCAN CEMENT
DSSL,DYNACONS SYS SOLUT
MOLDTECH,MOLD-TEK TECHNOLO
RUBYMILLS,RUBY MILLS
DHANBANK,DHANLAXMI BANK LTD
URJA,URJA GLOBAL LTD
NAGAFERT,NAGARJUNA FERTILIZ
MAANALU,MAAN ALUMINIUM LTD
MENONBE,MENON BEARINGS LTD
SUKHJITS,Sukhjit Starch & Chem Ltd
PLASTIBLEN,PLASTIBLENDS INDIA
MEDICAMEQ,Medicamen Biotech Limited
GSLSU,Global Surfaces Limited
ADSL,ALLIED DIGITAL SER
VALIANTLAB,Valiant Laboratories Ltd
BALAJITELE,BALAJI TELEFILMS
JAYAGROGN,JAYANT AGRO-ORG
SELAN,SELAN EXPLORATION
MICEL,MIC Electronics Ltd
VISAKAIND,VISAKA IND
ESTER,ESTER INDUSTRIES
EMKAYTOOLS,error
KECL,KIRLOSKAR ELECTRIC
ELIN,Elin Electronics Limited
INDOBORAX,Indo Borax & Chemical Ltd
ARIHANTCAP,Arihant Capital Mkts Ltd
DHUNINV,DHUNSERI INVESTMEN
NECLIFE,NECTAR LIFESCIENCE
SEMAC,SEMAC CONSULTANTS LIMITED
EMAMIPAP,Emami Paper Mills Limited
BHAGERIA,BHAGERIA INDUSTRIE
ELDEHSG,ELDECO HSG & IND LTD
VLSFINANCE,VLS FIN LTD INDIA
VIKASLIFE,VIKAS LIFECARE LIMITED
SHREEPUSHK,SHREE PUSHKAR CHEM
FCSSOFT,FCS SOFTWARE SOLUT
PYRAMID,Pyramid Technoplast Ltd
CHEMBOND,Chembond Chemicals Ltd
MAXIND,Max India Limited
INDOTECH,INDO TECH TRANFORM
BGRENERGY,BGR ENERGY SYSTEMS
APEX,APEX FROZEN FOODS
MEDICO,Medico Remedies Limited
BASILIC,error
MALLCOM,Mallcom (India) Limited
NRAIL,NR AGARWAL IND
SALZERELEC,SALZER ELECTRONICS
AXITA,Axita Cotton Limited
OSWALGREEN,OSWAL GREENTECH LIMITED
KHAICHEM,Khaitan Chem & Fert Ltd
HMVL,HINDUSTAN MEDIA VE
HCL-INSYS,HCL INFOSYSTEMS
HINDCOMPOS,HINDUSTAN COMPOSIT
CELLECOR,error
GHCLTEXTIL,GHCL Textiles Limited
KAMATHOTEL,KAMAT HOTELS (IND)
ASAL,AUTOMOTIVE STAMPIN
TVSELECT,TVS ELECTRONICS
ARROWGREEN,ARROW GREENTECH LI
ESSARSHPNG,ESSAR SHIPPING LTD
IRISDOREME,Iris Clothings Limited
RBL,RANE BRAKE LINING
RITCO,Ritco Logistics Limited
JETAIRWAYS,JET AIRWAYS INDIA
VERTOZ,Vertoz Advertising Ltd
LOKESHMACH,LOKESH MACHINES
DIGISPICE,DIGISPICE TECHNOLOGIES LT
JPOLYINVST,JINDAL POLY INV &
GRPLTD,GRP LTD
KHADIM,KHADIM INDIA LTD
MIRZAINT,MIRZA INTERNATIONA
VLEGOV,VL E Gov and IT Sol Ltd
HUBTOWN,HUBTOWN LIMITED
SBC,SBC Exports Limited
APCL,ANJANI PRTLND CEMT
DEEPENR,DEEP ENE RESOURCES LTD
20MICRONS,20 MICRONS LTD
MUTHOOTCAP,MUTHOOT CAPITAL SE
RACE,Race Eco Chain Limited
ACCENTMIC,error
SHREYAS,SHREYAS SHIP & LO
INDSWFTLAB,IND SWIFT LABS
GLOBAL,Global Education Limited
ORIENTCER,ORIENT CERATECH LIMITED
JINDALPHOT,JINDAL PHOTO LTD
KRISHIVAL,error
THEINVEST,THE INVESTMENT TRU
MACPOWER,Macpower CNC Machines Ltd
KILITCH,KILITCH DRUGS(INDI
STEL,STEL HOLDINGS LTD
MINDTECK,MINDTECK(INDIA)
ORIENTBELL,ORIENT BELL LTD
HTMEDIA,HT MEDIA LTD
RADIOCITY,MUSIC BROADCAST
NIPPOBATRY,INDO NATIONAL LTD
OSIAHYPER,Osia Hyper Retail Ltd
ZUARIIND,ZUARI INDUSTRIES LIMITED
KANORICHEM,KANORIA CHEMICALS
BIRLAMONEY,ADITYA BIRLA MONEY
POCL,Pondy Oxides & Chem Ltd
MUNJALSHOW,MUNJAL SHOWA
INTLCONV,Intl Conveyors Limited
AARTISURF,Aarti Surfactants Limited
BBTCL,B&B Triplewall Cont Ltd
CYBERTECH,CYBERTECH SYSTEMS
COOLCAPS,error
ZIMLAB,Zim Laboratories Limited
RATNAVEER,Ratnaveer Precision Eng L
PRIMESECU,PRIME SECURITIES
BEDMUTHA,BEDMUTHA INDUSTRIE
ALBERTDAVD,ALBERT DAVID
KRITI,Kriti Industries Ind Ltd
NAHARPOLY,NAHAR POLY FILMS
WINDMACHIN,WINDSOR MACHINES
UNIDT,United Drilling Tools Ltd
NAHARINDUS,NAHAR IND ENTERPRI
CLEDUCATE,CL EDUCATE LTD
PTL,PTL ENTERPRISES LT
WEL,WONDER ELECTRICALS LTD
VENUSREM,VENUS REMEDIES LTD
DIAMINESQ,Diamines  & Chemicals Ltd
WSI,WS INDUSTRIES(IND)
GOKUL,GOKUL REFOILS & SO
SARVESHWAR,Sarveshwar Foods Limited
MMP,MMP Industries Limited
RADHIKAJWE,Radhika Jeweltech Limited
ORICONENT,ORICON ENTERPRISES
CHEMFAB,CHEMFAB ALKALIS
SAHANA,error
MAZDA,MAZDA LTD
GOACARBON,GOA CARBON
ANNAPURNA,error
PROZONER,PROZONE REALTY LIMITED
ASMS,Bartronics India Limited
EXXARO,Exxaro Tiles Limited
DONEAR,DONEAR INDUSTRIES
DOLPHIN,Dolphin Off Ent (Ind) L
NAHARCAP,NAHAR CAPITAL AND
AUTOIND,AUTOLINE INDUSTRIE
PHANTOMFX,error
TIRUPATI,error
PAVNAIND,Pavna Industries Limited
BANSWRAS,BANSWARA SYNTEX
MEGASOFT,MEGASOFT LTD
GENUSPAPER,GENUS PAPER AND BO
PDMJEPAPER,PUDUMJEE PAPER PRO
NDLVENTURE,NDL VENTURES LIMITED
ALLETEC,error
SIGMA,Sigma Solve Limited
ORBTEXP,ORBIT EXPORTS LTD
GEECEE,GEECEE VENTURES
VARDHACRLC,VARDHMAN ACRYLICS
GEEKAYWIRE,GEEKAY WIRES LIMITED
LIBERTSHOE,LIBERTY SHOES
ADVANIHOTR,ADVANI HOTELS & RE
MBLINFRA,MBL INFRASTRUCTURE
SARLAPOLY,SARLA PERFORMANCE
SOUTHWEST,SOUTH WEST PINNACL
UNIVPHOTO,Universus Imagings Ltd
VIKASECO,VIKAS ECOTECH LIMI
EUROBOND,error
SHIVAMAUTO,SHIVAM AUTOTECH LT
PARSVNATH,PARSVNATH DEVELOPE
NEWJAISA,error
KRISHNADEF,error
RBZJEWEL,RBZ Jewellers Limited
IFBAGRO,IFB AGRO IND
SPMLINFRA,SPML INFRA LTD
WEALTH,Wealth Frst Port. Mg. Ltd
SIMPLEXINF,SIMPLEX INFRASTRUC
SILINV,SIL INVESTMENTS
NBIFIN,N.B.I. INDUSTRIAL
OSWALAGRO,OSWAL AGRO MILLS
DICIND,DIC INDIA
MODISONLTD,MODISON LIMITED
SGIL,Synergy Green Ind. Ltd
ASIANHOTNR,ASIAN HOTELS(NORTH
SAHYADRI,Sahyadri Industries Ltd
AVG,AVG Logistics Limited
BALAXI,BALAXI PHARMACEUTI
RPPINFRA,R.P.P.INFRA PROJEC
KAYA,KAYA LIMITED
HITECHCORP,HITECH CORPORATION
PLAZACABLE,Plaza Wires Limited
CINELINE,CINELINE INDIA LTD
SHYAMCENT,SHYAM CENTURY FERR
KOTARISUG,KOTHARI SUGAR&CHEM
GOLDTECH,AION-TECH SOLUTION
SHEMAROO,SHEMAROO ENTERTAIN
KRITINUT,Kriti Nutrients Limited
OSWALSEEDS,ShreeOswal S and Che Ltd
UFO,UFO MOVIEZ INDIA
ESFL,error
KORE,error
NURECA,Nureca Limited
LORDSCHLO,Lords Chloro Alkali Ltd
SHIVAUM,error
BRNL,BHARAT ROAD NETWOR
BPL,BPL
SAKUMA,SAKUMA EXPORTS LTD
TRIGYN,TRIGYN TECHNOLOGIE
EMAMIREAL,EMAMI REALTY LTD
WANBURY,WANBURY LTD
DUGLOBAL,error
ALANKIT,ALANKIT LIMITED
NRL,Nupur Recyclers Limited
BIL,BHARATIYA INTL LTD
LYKALABS,LYKA LABORATORIES
IITL,INDUSTRIAL INV TRU
IL&FSENGG,IL&FS ENGINEERING
GOLDSTAR,error
KCPSUGIND,KCP SUGAR & INDUST
TPLPLASTEH,TPL PLASTECH LTD.
CLOUD,error
PODDARMENT,PODDAR PIGMENTS
CRAYONS,error
HIGREEN,error
RUCHIRA,RUCHIRA PAPERS LTD
SHREERAMA,SHREE RAMA MULTI
FOCE,error
VMARCIND,error
NATHBIOGEN,NATH BIO-GENES (IN
VINSYS,error
APOLSINHOT,APOLLO SINDOORI HO
EIFFL,Euro (I) Fresh Foods Ltd
NDL,NANDAN DENIM LTD
REMSONSIND,REMSONS INDS
SAAKSHI,error
SYSTANGO,error
VIPCLOTHNG,VIP CLOTHING LTD
MAWANASUG,MAWANA SUGARS LTD
BROOKS,BROOKS LAB LTD
RAMAPHO,Rama Phosphates Limited
TIL,TIL
PVP,PVP VENTURES LTD
KOTHARIPRO,KOTHARI PRODUCTS
RBMINFRA,error
ANMOL,Anmol India Limited
IVC,IL & FS INVESTMENT
AURUM,AURUM PROPTECH LIMITED
SADBHAV,SADBHAV ENGINEERIN
KODYTECH,error
MEGASTAR,Megastar Foods Limited
MAHEPC,Mahindra EPC Irrig Ltd
MIRCELECTR,MIRC ELECTRONICS
RANASUG,RANA SUGARS LTD
BEWLTD,error
SRGHFL,SRG Housing Finance L
DRONE,error
DYNPRO,DYNEMIC PRODUCTS L
STARPAPER,STAR PAPER MILLS
ASAHISONG,ASAHI SONGWON COLO
DEVIT,Dev Info Technology Ltd
INSPIRISYS,INSPIRISYS SOLUTIO
SHREYANIND,SHREYANS INDUSTRIE
NILAINFRA,NILA INFRASTRUCTUR
URAVI,Uravi T And Wedg Lamp Ltd
AYMSYNTEX,AYM SYNTEX LIMITED
REPL,Rudrabhishek Enterp Ltd
ROXHITECH,error
PRAXIS,PRAXIS HOME RETAIL
HINDMOTORS,HINDUSTAN MOTORS
PONNIERODE,PONNI SUGARS ERODE
SCPL,Sheetal Cool Products Ltd
SKP,error
EMKAY,EMKAY GLOBAL FIN
SMLT,Sarthak Metals Limited
STARTECK,Starteck Finance Limited
COASTCORP,Coastal Corporation Ltd
SINTERCOM,Sintercom India Limited
TIPSFILMS,Tips Films Limited
SOLEX,error
PREMIERPOL,PREMIER POLYFILM L
AIRAN,AIRAN LTD
CAREERP,CAREER POINT LTD
PROV,error
SAKHTISUG,SAKTHI SUGAR
TAKE,TAKE SOLUTIONS
IZMO,IZMO LIMITED
KNAGRI,error
PPAP,PPAP AUTOMOTIVE LT
PASUPTAC,Pasupati Acrylon Limited
BHAGYANGR,BHAGYANAGAR INDIA
PRECOT,PRECOT LTD
ZODIACLOTH,ZODIAC CLOTH CO
MHLXMIRU,Mahalaxmi Rubtech Limited
ASHIMASYN,ASHIMA
SAH,Sah Polymers Limited
INFINIUM,error
SHERA,error
RVHL,Ravinder Heights Limited
LOYALTEX,Loyal Textile Mills Ltd
UCAL,UCAL LIMITED
DCMNVL,DCM Nouvelle Limited
MANORG,Mangalam Organics Limited
HARRMALAYA,HARRISONS MALAYALA
ESSENTIA,INTEGRA ESSENTIA LIMITED
LGHL,Laxmi Goldorna House Ltd
GSS,GSS INFOTECH LTD
MANAKSTEEL,MANAKSIA STEELS LT
VISHWARAJ,Vishwaraj Sugar Ind Ltd
LGBFORGE,LGB FORGE LTD
BASML,BANNARI AMMAN SPIN
MURUDCERA,MURUDESHWAR CERAMI
JAYSREETEA,JAYSHREE TEA
GUJAPOLLO,GUJARAT APOLLO IND
DELPHIFX,DELPHI WORLD MONEY LTD
PILITA,PIL ITALICA LIFEST
ELECTHERM,ELECTROTHERM (INDI
ABAN,ABAN OFFSHORE
TEMBO,Tembo Global Ind Ltd
INDTERRAIN,INDIAN TERRAIN FAS
SURANI,error
KRITIKA,Kritika Wires Limited
HINDCON,Hindcon Chemicals Limited
PRITIKAUTO,Pritika Auto Indus Ltd
AARON,Aaron Industries Limited
MWL,error
VIRINCHI,Virinchi Limited
RAJMET,Rajnandini Metal Limited
ZODIAC,Zodiac Energy Limited
KMSUGAR,KM SUGAR MILLS LTD
ELGIRUBCO,ELGI RUBBER CO LTD
MARALOVER,MARAL OVERSEAS
ZEAL,error
USASEEDS,error
RAJTV,RAJ TEL NETWORK
PARAGON,error
MCLEODRUSS,MCLEOD RUSSEL INDI
PRITI,Priti International Ltd
GULFPETRO,GP PETROLEUMS LTD
TRF,TRF LTD
MEP,MEP INFRASTRUCTURE
EQUIPPP,EQUIPPP SOC IMP TECH LTD
MANOMAY,Manomay Tex India Ltd
SUPERHOUSE,SUPERHOUSE LTD
SECL,error
GOYALSALT,error
EFORCE,error
NECCLTD,NORTH EASTERN CARR
PROPEQUITY,error
FROG,error
BAIDFIN,Baid Finserv Limited
ARIES,ARIES AGRO LTD
KRISHCA,error
PAR,Par Drugs and Chem Ltd
SELMC,SEL Manufacturing Co Ltd
SUNDRMBRAK,SUNDARAM BRAKE LIN
RANEENGINE,RANE ENGINE VALVES
RAMANEWS,SHREE RAMA NEWSPRI
SUPREMEPWR,error
KAPSTON,Kapston Facilities Mgmt L
IRIS,Iris Business Serv Ltd
ABINFRA,error
KANPRPLA,Kanpur Plastipack Limited
SEJALLTD,Sejal Glass Limited
TARACHAND,error
RUCHINFRA,RUCHI INFRASTRUCTU
GINNIFILA,GINNI FILAMENTS
BTML,Bodhi Tree Multimedia Ltd
AHLEAST,ASIAN HOTELS (EAST
SVLL,Shree Vasu Logistics Ltd
SPECTSTM,error
RHL,Robust Hotels Limited
LAL,Lorenzini Apparels Ltd
BYKE,THE BYKE HOSPITALI
COMPUSOFT,COMPUCOM SOFTWARE
AKSHARCHEM,AKSHARCHEM (INDIA)
SARTELE,error
RPPL,Rajshree PolyPack Ltd
ALMONDZ,ALMONDZ GLOBAL SEC
INTENTECH,INTENSE TECHNOLOGI
MGEL,Mangalam Global Ent Ltd
HILTON,HILTON METAL FORGI
NDGL,NAGA DHUNSERI GROU
DUCON,DUCON INFRATECHNOL
SJLOGISTIC,error
GILLANDERS,GILLANDERS ARBUTHN
CANARYS,error
MAHESHWARI,MAHESHWARI LOGISTI
CORALFINAC,CORAL INDIA FIN
GREENCHEF,error
AURDIS,error
SOFTTECH,Softtech Engineers Ltd
AARVI,Aarvi Encon Limited
DTIL,DHUNSERI TEA & IND
IVP,IVP LTD
PALREDTEC,PALRED TECHNOLOGIE
EROSMEDIA,EROS INTL MEDIA
INDOTHAI,INDO THAI SECURITI
NITCO,NITCO LIMITED
WELINV,WELSPUN INVESTMENT
MAGNUM,MAGNUM VENTURES LT
QMSMEDI,error
ATAM,Atam Valves Limited
GENCON,Generic Eng Cons Proj Ltd
CCHHL,COUNTRY CLUB HOSPI
GIRRESORTS,GIR NATUREVIEW RES
RELCHEMQ,Reliance Chemotex Ind Ltd
ARSHIYA,ARSHIYA LIMITED
VITAL,error
LLOYDS,error
MADHAVBAUG,error
KEL,error
CHAVDA,error
ASCOM,error
SHIGAN,error
VETO,VETO SWITCHGEARS A
MOS,error
INDOWIND,INDOWIND ENERGY
INVENTURE,INVENTURE GROWTH &
SWASTIK,error
SUVIDHAA,Suvidhaa Infoserve Ltd
BAFNAPH,Bafna Pharmaceuticals Ltd
ALPA,ALPA LABORATORIES
BSL,BSL
INFOLLION,error
TTL,TT LTD
LOVABLE,LOVABLE LINGERIE L
TEXMOPIPES,TEXMO PIPES & PROD
ZEELEARN,ZEE LEARN LTD
USK,Udayshivakumar Infra Ltd
MODIRUBBER,MODI RUBBER
TREJHARA,TREJHARA SOLUTIONS
MAHAPEXLTD,MAHA RASHTRA APEX
DCI,DC Infotech and Comun Ltd
DIGIKORE,error
SURANAT&P,SURANA TEL & POWER
IEL,Indiabulls Ent Ltd
TOTAL,Total Transport Sys Ltd
EFACTOR,error
VIPULLTD,VIPUL LTD
SALSTEEL,SAL STEEL LTD
A2ZINFRA,A2Z INFRA ENGINEER
RHFL,RELIANCE HOME FIN
FRETAIL,FUTURE RETAIL LIMITED
DENEERS,error
LATTEYS,Latteys Industries Ltd
SPLIL,SPL INDUSTRIES LTD
KDL,error
JOCIL,JOCIL LTD
TARMAT,TARMAT LIMITED
NOIDATOLL,NOIDA TOLL BRIDGE
ATLANTAA,ATLANTAA LIMITED
UNIHEALTH,error
UNITEDPOLY,United Polyfab Guj. Ltd.
AKSHOPTFBR,AKSH OPTIFIBRE
SRIVASAVI,error
ARCHIDPLY,ARCHIDPLY IND LTD
AIROLAM,Airo Lam Limited
ROCKINGDCE,error
ASPINWALL,ASPINWALL AND COMP
VAISHALI,Vaishali Pharma Limited
KBCGLOBAL,KBC GLOBAL LIMITED
KAKATCEM,KAKATIYA CEM SUGAR
SIGIND,SIGNET INDUSTRIES
ARVEE,Arvee Laboratories I Ltd
AVONMORE,Avonmore Cap&Mgt Serv Ltd
VISESHINFO,VISESH INFOTECNICS
JMA,JULLUNDUR MOTOR AG
AKI,AKI India Limited
NILASPACES,NILA SPACES LTD
RAJSREESUG,RAJSHREE SUG &CHEM
SHIVATEX,SHIVA TEXYARN LTD
FELIX,error
MANAKCOAT,MANAKSIA COATED ME
BAHETI,error
EMMBI,EMMBI INDUSTRIES
GLOBALVECT,GLOBAL VECTRA HELI
TOUCHWOOD,TOUCHWOOD ENTERTAI
WEIZMANIND,WEIZMANN
SHAH,SHAH METACORP LIMITED
SMARTLINK,SMARTLINK HOLDINGS
DRCSYSTEMS,DRC Systems India Limited
NIRMAN,error
ALPHAGEO,ALPHAGEO(INDIA)
PASHUPATI,error
UMAEXPORTS,Uma Exports Limited
BEARDSELL,BEARDSELL LTD
SHRITECH,error
ISFT,INTRASOFT TECHNOLO
TECHLABS,error
BHARATGEAR,BHARAT GEARS
GVPTECH,GVP INFOTECH LIMITED
NIRAJ,Niraj Cement Struc Ltd
CAPTRUST,CAPITAL TRUST LTD.
RKEC,RKEC Projects Limited
BAGFILMS,B.A.G. FILMS&MEDIA
ARHAM,error
MUKTAARTS,MUKTA ARTS
LOTUSEYE,LOTUS EYE HOSPITA
TRANSTEEL,error
DANGEE,Dangee Dums Limited
DYNAMIC,error
WORTH,Worth Peripherals Limited
AHLADA,Ahlada Engineers Limited
SIKKO,Sikko Industries Limited
KOHINOOR,KOHINOOR FOODS
DUCOL,error
FCONSUMER,FUTURE CONSUMER LT
KREBSBIO,KREBS BIOCHEM&INDS
PRAKASHSTL,PRAKASH STEELAGE
INDBANK,INDBANK MERCH BANK
XELPMOC,XELPMOC DESIGN AND
AMJLAND,AMJ LAND HOLDINGS
UMANGDAIRY,UMANG DAIRIES
DJML,DJ Mediaprint & Log Ltd
JHS,JHS SVENDGAARD LAB
CADSYS,error
SURANASOL,SURANA SOLAR LTD
RILINFRA,error
SADBHIN,SADBHAV INFRA PROJ
URBAN,error
LAMBODHARA,LAMBODHARA TEXTILE
UNITEDTEA,UNITED NILGIRI TEA
SECURKLOUD,SECUREKLOUD TECH LIMITED
SMSLIFE,SMS LIFESCIENCES
IL&FSTRANS,IL&FS TRANSP NTWK
MANAKALUCO,MANAKSIA ALUMINIUM
INDIANCARD,INDIAN CARD CLOTH
SUMIT,Sumit Woods Limited
THOMASCOTT,THOMAS SCOTT (INDI
BALPHARMA,BAL PHARMA
PARTYCRUS,error
PANSARI,Pansari Developers Ltd
MADHUSUDAN,error
INCREDIBLE,INCREDIBLE INDUSTRIES LTD
KARNIKA,error
LAGNAM,Lagnam Spintex Limited
VARDMNPOLY,VARDHMAN POLYTEX
MANGALAM,MANGALAM DRUGS & O
TIRUPATIFL,Tirupati Forge Limited
SIL,STANDARD INDS
3RDROCK,3RD ROCK MULTIMEDI
SALONA,SALONA COTSPIN
AMDIND,AMD INDUSTRIES LTD
YUDIZ,error
SWARAJ,error
FIDEL,error
ASTRON,ASTRON PAPER & BOA
RSSOFTWARE,RS SOFTWARE (I)
CENTEXT,CENTURY EXTRUSIONS
LASA,LASA SUPERGENERICS
KALYANIFRG,KALYANI FORGE
RMDRIP,error
CMNL,error
DCM,D.C.M
MOTOGENFIN,MOTOR & GEN FINANC
CTE,CAMBRIDGE TECH ENT
IPSL,error
CORDSCABLE,CORDS CABLE INDUST
PRAENG,PRAJAY ENGINEERS S
ACCURACY,Accuracy Shipping Limited
ANLON,error
AARTECH,Aartech Solonics Limited
SUNDARAM,SUNDARAM MULTI
SONAMLTD,SONAM LIMITED
SURYALAXMI,SURYALAKSHMI COTTO
GOYALALUM,Goyal Aluminiums Limited
ARTNIRMAN,Art Nirman Limited
GTL,GTL LTD
ALKALI,ALKALI METALS LTD
OMAXAUTO,OMAX AUTOS LTD
FLEXITUFF,FLEXITUFF VENTURES
MAHASTEEL,MAHAMAYA STEEL IND
SHRADHA,Shradha Infraprojects Ltd
GOLDKART,error
TAINWALCHM,TAINWALA CHEMICALS
ANIKINDS,ANIK INDUSTRIES
WIPL,THE WESTERN INDIA
SUPREMEINF,SUPREME INFRASTRUC
PULZ,error
SSFL,error
ABCOTS,error
JAINAM,error
OILCOUNTUB,OIL COUNTRY TUBULR
SECMARK,SecMark Consultancy Ltd
GRAPHISAD,error
SOTAC,error
PIONEEREMB,PIONEER EMBROID LT
GICL,error
AAREYDRUGS,Aarey Drugs & Pharm Ltd
ENERGYDEV,ENERGY DEV CO LTD
SHAHALLOYS,SHAH ALLOYS
MAL,error
PATINTLOG,PATEL INTEGRATED L
SVPGLOB,Svp Global Ventures Ltd
PARIN,error
SHREEOSFM,error
MITCON,MITCON Con
GANGESSECU,GANGES SECURITIES
GTECJAINX,G-TEC JAINX EDUCATION LTD
OBCL,Orissa Bengal Carrier Ltd
DOLLEX,error
MHHL,error
NITIRAJ,Nitiraj Engineers Ltd
SIMBHALS,SIMBHAOLI SUGARS L
TIMESGTY,TIMES GUARANTY
VELS,error
CROWN,Crown Lifters Ltd
MDL,error
DIL,Debock Industries Limited
HPIL,Hindprakash Industry Ltd
PALASHSECU,PALASH SECURITIES
BLBLIMITED,BLB
DBSTOCKBRO,DB INTL STOCK BROK
UNIVASTU,Univastu India Limited
PRUDMOULI,PRUDENTIAL SUGAR C
AAKASH,AAKASH EXPLORATION
AGRITECH,AGRI-TECH (INDIA)
DAMODARIND,DAMODAR INDUSTRIES
QUICKTOUCH,error
BANKA,Banka BioLoo Limited
BVCL,BARAK VALLEY CEMEN
S&SPOWER,S & S POWER SWITCH
ONDOOR,error
TOKYOPLAST,TOKYO PLAST INTL
HOMESFY,error
AVROIND,AVRO INDIA LIMITED
ZENITHSTL,ZENITH STEEL PIP IND LTD
SYNOPTICS,error
STEELCITY,STEEL CITY SECURIT
BABAFP,error
HISARMETAL,HISAR METAL INDUST
AKSHAR,Akshar Spintex Limited
MCON,error
DGCONTENT,Digicontent Limited
SOMICONVEY,SOMI CONVEYOR BELT
RCDL,error
MRO-TEK,MRO-TEK REALTY LTD
AAATECH,AAA Technologies Limited
GRCL,error
YAARI,YAARI DIGI INT SER LTD
VIVIANA,error
ARABIAN,error
GROBTEA,THE GROB TEA COMPA
VERTEXPLUS,error
MCL,Madhav Copper Limited
NIBL,NRB INDUSTRIAL BEA
MARSHALL,Marshall Machines Ltd
ARIHANTACA,error
KHFM,error
DELTAMAGNT,DELTA MFG LTD
PRESSTONIC,error
SAMPANN,SAMPANN UTPADAN INDIA LTD
BHANDARI,BHANDARI HOSIERY E
PKTEA,PERIA KARAMALAI TE
LPDC,LANDMARK PROP DEV
HOLMARC,error
LEMERITE,error
INDSWFTLTD,IND SWIFT LTD
MBECL,MCNALLY BHARAT ENG
MAGSON,error
CINEVISTA,CINEVISTA LIMITED
PANACHE,Panache Digilife Limited
FIBERWEB,Fiberweb India Limited
ARCHIES,ARCHIES LTD.
REGENCERAM,REGENCY CERAMICS
TPHQ,TEAMO PRODUCTIONS HQ LTD
AATMAJ,error
SHEETAL,error
SETCO,SETCO AUTOMOTIVE
PROLIFE,error
CELEBRITY,CELEBRITY FASHIONS
HECPROJECT,HEC Infra Projects Ltd
GLOBALPET,error
MARCO,error
AGROPHOS,AGRO PHOS INDIA LT
HOVS,HOV SERVICES LTD
CUBEXTUB,CUBEX TUBINGS
AUSOMENT,AUSOM ENTERPRISE
KARMAENG,KARMA ENERGY LTD
DHRUV,Dhruv Consultancy Ser Ltd
WEWIN,WE WIN LIMITED
PENTAGON,error
AUROIMPEX,error
ATALREAL,Atal Realtech Limited
TREEHOUSE,TREE HOUSE EDUCATI
VINNY,Vinny Overseas Limited
BIOFILCHEM,BIOFIL CHEMICALS &
AMBANIORG,error
GOLDENTOBC,GOLDEN TOBACCO LTD
RELIABLE,error
ZENITHEXPO,ZENITH EXPORTS LTD
MONOPHARMA,error
ASHOKAMET,Ashoka Metcast Limited
VASWANI,VASWANI INDUSTRIES
INSPIRE,error
PRITIKA,error
KEYFINSERV,KEYNOTE FINANCIAL
LEXUS,Lexus Granito (India) Ltd
CPS,error
CELLPOINT,error
PODDARHOUS,PODDAR HOUSING AND
ORIENTLTD,ORIENT PRESS LTD
MORARJEE,MORARJEE TEXTILES
MAITREYA,error
SHIVAMILLS,SHIVA MILLS LTD
PRAMARA,error
CEREBRAINT,CEREBRA INTEGRATED
MAHICKRA,error
NAGREEKEXP,NAGREEKA EXPORTS
MICROPRO,error
TRIDHYA,error
SECURCRED,SecUR Credentials Limited
CLSL,error
VIAZ,error
AKG,AKG Exim Limited
TERASOFT,TERA SOFTWARE
AVSL,error
TAPIFRUIT,error
SCML,error
COMPINFO,COMPUAGE INFOCOM L
JAIPURKURT,Nandani Creation Limited
GSTL,error
SHRENIK,SHRENIK LTD
SAMBHAAV,SAMBHAAV MEDIA LTD
SHUBHLAXMI,error
VINEETLAB,Vineet Laboratories Ltd
MOKSH,Moksh Ornaments Limited
AROGRANITE,ARO GRANITE INDUS
KANANIIND,KANANI INDUSTRIES
PARASPETRO,PARAS PETROFILS LT
SOMATEX,SOMA TEXTILE & IND
ICDSLTD,ICDS
PNC,PRITISH NANDY COMM
ACSAL,error
ROML,Raj Oil Mills Limited
UCL,error
BMETRICS,error
GANGAFORGE,Ganga Forging Limited
MANUGRAPH,MANUGRAPH INDIA LT
SITINET,SITI NETWORKS LTD
ANKITMETAL,ANKIT METAL & POWE
MALUPAPER,MALU PAPER MILLS
SHANTHALA,error
AARVEEDEN,AARVEE DENIMS & EX
UWCSL,error
BANG,BANG OVERSEAS LTD
SIDDHIKA,error
PIGL,Power Instrument (G) Ltd
SERVICE,error
MAKS,error
BANARBEADS,BANARAS BEADS LTD
REXPIPES,error
AISL,error
NGIL,Nakoda Group of Ind. Ltd
AKASH,Akash Infra-Projects Ltd
ISHAN,error
TFL,TRANSWARRANTY FINA
CBAZAAR,error
DNAMEDIA,DILIGENT MEDIA COR
GLOBE,Globe Textiles (I) Ltd.
COMMITTED,error
JETFREIGHT,Jet Freight Logistics Ltd
UMA,error
SPYL,SHEKHAWATI POLY
FLFL,FUTURE LIFESTYLE F
YCCL,error
BDR,error
PRECISION,error
MASTER,error
DKEGL,error
EXCEL,EXCEL REALTY N INF
DESTINY,error
AJOONI,Ajooni Biotech Limited
SANGANI,error
WOMANCART,error
MADHAV,MADHAV MARB & GRAN
LFIC,LAKSHMI FINANCE &
BURNPUR,BURNPUR CEMENT LTD
SEYAIND,Seya Industries Limited
JETKNIT,error
MILTON,error
VSCL,error
PEARLPOLY,PEARL POLYMERS
HBSL,HB STOCKHOLDINGS
OMFURN,error
MADHUCON,MADHUCON PROJECTS
ABMINTLLTD,ABM International Ltd
AMBICAAGAR,AMBICA AGARB AROMA
ADL,Archidply Decor Limted
KEEPLEARN,DSJ KEEP LEARNING
BINANIIND,BINANI INDUSTRIES
RKDL,RAVI KUMAR DISTILL
AGNI,error
CMRSL,error
SUULD,Suumaya Lifestyle Limited
INDIFRA,error
CYBERMEDIA,CYBER MEDIA (INDIA
TCLCONS,TANTIA CONSTRUCTIONS LTD
SANGINITA,Sanginita Chemicals Limit
TIMESCAN,error
FSC,FUTURE SUPPLY CHAI
3PLAND,3P LAND HOLDINGS L
LIBAS,Libas Designs Limited
SRPL,Shree Ram Proteins Ltd.
SEL,error
KONTOR,error
VEEKAYEM,error
NIDAN,error
SUPERSPIN,SUPER SPINNING
SAGARDEEP,SAGARDEEP ALLOYS L
JFLLIFE,error
EDUCOMP,EDUCOMP SOLUTIONS
HAVISHA,SRI HAVISHA HOSP A
SONUINFRA,error
TGBHOTELS,TGB BANQUETS AND H
ADROITINFO,ADROIT INFOTECH LT
ARISTO,error
SGL,STL GLOBAL LTD
MARINETRAN,error
ASLIND,error
GODHA,Godha Cabcon Insulat Ltd
DIACABS,Diamond Power Infra Ltd
LAXMICOT,Laxmi Cotspin Limited
PATTECH,error
JIWANRAM,error
COUNCODOS,COUNTRY CONDO'S
NEXTMEDIA,NEXT MEDIAWORKS LT
TNTELE,TAMILNADU TELECOMM
ACEINTEG,Ace Integrated Solu. Ltd.
AGUL,error
AGARWALFT,error
BALKRISHNA,BALKRISHNA PAPER M
KKVAPOW,error
AMEYA,error
KHANDSE,KHANDWALA SEC LTD
GATECH,GACM TECHNOLOGIES
TECILCHEM,TECIL CHEM & HYD P
WALPAR,error
WILLAMAGOR,WILLIAMSON MAGOR &
SHAIVAL,error
BOHRAIND,Bohra Industries Limited
SAHAJ,error
MEGAFLEX,error
FMNL,FUTURE MKT NETWORK
21STCENMGM,21ST CENTURY MANAG
KSHITIJPOL,Kshitij Polyline Limited
NKIND,NK INDUSTRIES
HEADSUP,HEADS UP VENTURES LIMITED
ROLLT,ROLLATAINERS LTD
PLADAINFO,error
GUJRAFFIA,GUJARAT RAFFIA IND
VILINBIO,error
KRIDHANINF,KRIDHAN INFRA LIMI
VIVIDHA,VISAGAR POLYTEX
SABAR,error
QUADPRO,error
MITTAL,MITTAL LIFE STYLE
NARMADA,Narmada Agrobase Limited
INFOMEDIA,INFOMEDIA PRESS LI
IMPEXFERRO,IMPEX FERRO TECH
KAUSHALYA,KAUSHALYA INFRASTR
QFIL,error
CONTI,error
MINDPOOL,error
KAVVERITEL,KAVVERI TELECOM PR
UNIINFO,Uniinfo Telecom Servi Ltd
MTEDUCARE,MT EDUCARE LIMITED
LCCINFOTEC,LCC INFOTECH
KHAITANLTD,KHAITAN (INDIA)LTD
CALSOFT,CALIFORNIA SOFTWAR
SILGO,Silgo Retail Limited
MOXSH,error
ORIENTALTL,ORIENTAL TRIMEX
SUNREST,error
RICHA,error
HYBRIDFIN,Hybrid Financial Services
VCL,Vaxtex Cotfab Limited
RITEZONE,error
SUPREMEENG,Supreme Engineering Ltd
VERA,error
LRRPL,error
MOHITIND,MOHIT INDUSTRIES
WINSOME,WINSOME YARNS LTD
OLIL,error
MASKINVEST,MASK INVESTMENTS L
PERFECT,error
ANTGRAPHIC,ANTARCTICA LIMITED
ONELIFECAP,ONELIFE CAPITAL AD
MPTODAY,error
TECHIN,TECHINDIA NIRMAN L
SAROJA,error
LYPSAGEMS,LYPSA GEMS & JEWEL
SPENTEX,SPENTEX INDUSTRIES
SHANTI,Shanti Overseas (Ind) Ltd
NAGREEKCAP,NAGREEKA CAPITAL &
EASTSILK,EASTERN SILK IND
ORTINLAB,Ortin Laboratories Ltd
GRETEX,error
TIJARIA,TIJARIA POLYPIPES
OMKARCHEM,OMKAR SPECIALITY C
VIVO,error
SILLYMONKS,Silly Monks Entertain Ltd
SPRL,error
AILIMITED,error
DIGJAMLMTD,Digjam Ltd
UMESLTD,USHA MARTIN EDU
VIJIFIN,VIJI FINANCE LTD
KANDARP,error
BRIGHT,error
TVVISION,TV VISION LTD
KCK,error
AMIABLE,error
JAKHARIA,error
BLUECHIP,BLUE CHIP INDIA
ARENTERP,RAJDARSHAN INDUSTR
GLFL,GUJARAT LEASE
NORBTEAEXP,NORBEN TEA & EXPOR
INNOVATIVE,error
KALYANI,KALYANI COMMERCIAL
TRANSWIND,error
DRL,error
SMVD,error
EUROTEXIND,EUROTEX INDUSTRIES
RADAAN,RADAAN MEDIAWORKS
SHYAMTEL,SHYAM TELECOM
TARAPUR,TARAPUR TRANSFORME
SABTN,SRI ADHIKARI BROS
MANAV,error
PREMIER,PREMIER LTD
BKMINDST,BKM INDUSTRIES LTD
ACCORD,error
ALPSINDUS,ALPS INDS
DCMFINSERV,DCM FINANCIAL SERV
ABNINT,error
SANCO,SANCO IND LIMITED
AHIMSA,error
CREATIVEYE,CREATIVE EYE LTD
UNIVAFOODS,UNIVA FOODS LIMITED
JALAN,error
BLUECOAST,BLUE COAST HOTELS
NIRAJISPAT,NIRAJ ISPAT INDUST
SABEVENTS,SAB EVENTS & GOV N
MELSTAR,MELSTAR INFORMATIO
LAKPRE,LAKSHMI PRECISION
BHALCHANDR,error
SKSTEXTILE,error
VASA,error
ABHISHEK,ABHISHEK CORP LTD INR10
AHLWEST,ASIAN HOTELS (WEST
AIFL,ASHAPURA INTI FASHION LTD
AJRINFRA,AJR INFRA & TOLLING LTD
ALCHEM,ALCHEMIST LTD
ARCOTECH,ARCOTECH LTD
ATCOM,error
ATLASCYCLE,ATLAS CYCLES(HARYA
ATNINTER,ATN INTERNATIONAL
BHARATIDIL,error
BILENERGY,BIL ENERGY SYSTEMS
BIRLATYRE,BIRLA TYRES LTD
BLUEBLENDS,BLUE BLENDS (INDIA
BRFL,BOMBAY RAYON FASHIONS LTD
CANDC,C & C CONSTRUCTION
CCCL,CONS CONSTRUCT CON
CELESTIAL,CELESTIAL BIOLABS
CKFSL,COX & KINGS FINANC
DHARSUGAR,DHARANI SUGAR & CH
DQE,DQ ENTERTAINMENT I
DSKULKARNI,error
EASTSUGIND,error
EASUNREYRL,EASUN REYROLLE LTD
EON,EON ELECTRIC LTD
EUROCERA,EURO CERAMICS LTD
EUROMULTI,EURO MULTIVISION L
FEDDERELEC,error
GAMMONIND,error
GITANJALI,GITANJALI GEMS LTD
ICSA,I.C.S.A (INDIA) LT
INDLMETER,IMP POWERS LTD
IVRCLINFRA,error
JAINSTUDIO,JAIN STUDIOS
JBFIND,JBF INDUSTRIES
JIKIND,JIK INDUSTRIES
JINDCOT,JINDAL COTEX LTD
JPINFRATEC,JAYPEE INFRATECH L
KGL,KARUTURI GLOBAL
KSERASERA,KSS LTD
KSK,KSK ENERGY VENTURE
LAKSHMIEFL,error
LEEL,LEEL ELECTRICALS L
MANPASAND,MANPASAND BEVERAGE
MCDHOLDING,MCDOWELL HOLDINGS
MERCATOR,MERCATOR LTD
METKORE,METKORE ALLOYS & I
MODTHREAD,error
MOHOTAIND,MOHOTA INDUSTRIES
MVL,MVL LTD
NAKODA,NAKODA LTD
NITINFIRE,NITIN FIRE PROTECT
NTL,NEUEON TOWERS LTD
NUTEK,NU TEK INDIA LTD
OPTOCIRCUI,OPTO CIRCUITS IND
PDPL,PARENTERAL DRUGS LTD
PINCON,error
PRATIBHA,error
PUNJLLOYD,PUNJ LLOYD LTD
RAINBOWPAP,RAINBOW PAPERS LTD
RMMIL,error
RUSHABEAR,error
SATHAISPAT,SATHAVAHANA ISPAT
SBIHOMEFIN,error
SHIRPUR-G,SHIRPUR GOLD REFIN
TALWALKARS,TALWALKARS BETTER
TALWGYM,TALWALKARS HEALTH
TECHNOFAB,TECHNOFAB ENGINEER
TULSI,error
UNIPLY,UNIPLY INDUSTRIES
UNITY,UNITY INFRAPROJECT
VALECHAENG,error
VALUEIND,error
VIDEOIND,VIDEOCON INDUST
VISUINTL,error
VIVIMEDLAB,VIVIMED LABS LTD
ZICOM,ZICOM ELECTRONIC S
